,Daily Time Spent on Site,Age,Area Income,Daily Internet Usage,Clicked on Ad
0,0.2734741070058463,-0.11612165670729253,0.5094361805658325,1.8175776604367424,0.0
1,1.0158695033076786,-0.5763771300532018,1.0020288214849868,0.0,0.0
2,0.30769800825380283,-1.1516964717355884,0.3567700700630609,1.3511519468011761,0.0
3,0.6157131194854145,-0.8065048667261565,-0.014448406097256205,1.5747220055575808,0.0
4,0.23530129407543307,-0.11612165670729253,1.4081628979682046,1.0911535398128973,0.0
5,-0.31623003757433255,-1.4968880767450203,0.3549526518644348,1.1187724182109196,0.0
6,1.5871453933697264,-0.3462493933802472,-0.08551482493629978,0.6811560518698416,0.0
7,0.07931928261839886,1.3797086316669127,-2.266679063289617,-1.142642297516806,1.0
8,0.6407228934743058,-0.6914409983896791,1.0333490945019104,0.9942493716405253,0.0
9,0.33468223808392245,-1.8420796817544525,0.04788203084281464,0.09687391748409287,0.0
10,-1.1290476922133068,1.49477250000339,-0.6983038124215799,-1.374545638548476,1.0
11,1.2027846562772881,0.11400607996566212,0.5584207446552075,0.0,0.0
12,0.0,1.3797086316669127,-0.25070233555487,-1.5864491021195093,1.0
13,0.9691407150652755,0.0,-0.24304577184769818,0.8209171003150058,0.0
14,-1.4377209553919938,-0.3462493933802472,-1.790880022525771,-0.8616916379507165,1.0
15,-0.08850946388600452,-1.4968880767450203,-0.21005195336075133,-0.9312150215043592,1.0
16,-0.6189799332293352,0.11400607996566212,-2.3156159182876417,-1.1985943356507303,1.0
17,1.1343368537813752,0.5742615533115714,1.2308259690554577,0.18520670960190586,0.0
18,-0.6643924175775854,-0.001057788370815211,-1.7825652224488755,-1.4609736804319424,1.0
19,0.6440136532096861,0.45919768497509406,-2.324199082003383,-1.0533571302818199,1.0
20,0.8177657672377745,-0.6914409983896791,0.7307191462486304,1.0640108489734612,0.0
21,1.302823752232855,-0.11612165670729253,0.3738879429486402,0.0,0.0
22,0.0,0.0,-1.6671569304724838,-0.3552661693938757,1.0
23,1.4805247779434,-0.001057788370815211,0.49414094406074516,0.7185367752188889,0.0
24,-1.5403926591358645,0.5742615533115714,1.0408274945710714,-0.29836175614277827,0.0
25,0.0,-0.9215687350626338,0.7326327280845091,0.5961565726621344,0.0
26,-1.0704721689235346,-0.9215687350626338,-1.262272235819002,-1.0859759780450016,1.0
27,-0.8453842030235108,1.839964105012822,0.24568839630849992,-1.20288002367801,1.0
28,0.0,-0.23118552504376985,-1.6616972213310832,-1.4416880843091853,1.0
29,0.7387875335886432,-1.6119519450814976,-0.6574931574987067,0.7159177436466624,0.0
30,0.18725620193887807,-0.11612165670729253,-0.26290095384950146,2.0775760674250217,0.0
31,1.4226074066007033,-0.9215687350626338,-0.7011797760845406,0.660203799292031,0.0
32,-0.37809632059948556,2.4152834466952084,-2.1928820444253208,-0.25050490650482604,1.0
33,-0.6051587423407372,-1.4968880767450203,-1.8466415139505468,0.7816316267316125,1.0
34,-0.4708957451372143,2.4152834466952084,-0.7021496124571462,-1.09383307276168,1.0
35,1.288344409397181,-0.6914409983896791,0.4763081802594633,0.519728469508987,0.0
36,-0.16682954558805982,1.9550279733492992,0.1320043407116905,-1.2928794722508754,1.0
37,0.06747254757102875,0.34413381663861675,1.597904190632031,1.004487404150137,0.0
38,0.0,1.149580894993958,0.18083757752693885,-1.438830958957666,1.0
39,-1.7022980381165833,0.34413381663861675,-2.0493730976435987,-0.42074195869953207,1.0
40,1.3284916781688225,-0.8065048667261565,0.2006726322558284,0.5442521287761964,0.0
41,-0.03651546006699374,-0.6914409983896791,0.35663887006184736,1.7287686807603437,0.0
42,1.1665862991881033,-0.4613132617167245,0.8626690747416361,0.4371099280942133,0.0
43,1.0915569772214286,-0.5763771300532018,0.7402072917909226,0.7749650009114002,0.0
44,1.0316651500375045,-1.2667603400720657,0.18782770486431086,0.597823229117188,0.0
45,-1.7845670315010949,1.839964105012822,-0.1061914978547909,-0.16479114595923894,1.0
46,0.31757028745994464,-1.8420796817544525,-0.29939319055061947,0.5356807527216375,0.0
47,1.3561340599460185,0.8043892899845261,0.8989227659860028,0.45163364863110395,0.0
48,-1.3468959866954935,0.11400607996566212,-0.16971466207861996,-1.3340696960686156,1.0
49,-1.1046960701714914,1.149580894993958,-0.053218006455799244,0.0,1.0
50,0.5518723806190337,-1.4968880767450203,0.4865022712628296,0.4037767989931517,0.0
51,0.9967830968424716,-0.9215687350626338,0.2628502510126681,1.084248820213391,0.0
52,-2.070863128479195,1.0345170266574808,-0.12299180710107016,0.3292534460743502,1.0
53,-0.9520048184498381,1.6098363683398673,0.5708340538609152,-1.1083567932985714,1.0
54,-0.16353878585267909,1.2646447633304354,0.5756824902693902,-1.4393071465162526,1.0
55,1.0402211253494935,-0.5763771300532018,0.9302989480943524,-0.05241088213280327,0.0
56,0.02600897490523523,-0.001057788370815211,1.5099092443637046,-0.6938355235489425,1.0
57,-1.3041161101355476,1.49477250000339,-0.1985413896179378,-1.2009752734436632,1.0
58,0.844749997067894,-0.8065048667261565,0.08299666753119286,1.4159134547689527,0.0
59,-1.5120921254115927,0.5742615533115714,-2.247329299474306,-0.5569316004552973,1.0
60,1.369955250834616,-1.0366326033991111,-0.5435541564449942,0.08758826009165464,0.0
61,1.3850927456173665,-0.23118552504376985,0.7197110188740997,0.3137773504202858,0.0
62,0.4794756664406629,-0.8065048667261565,1.2097564415878785,-0.2440763744639068,0.0
63,1.3995720884530405,-0.4613132617167245,0.4920782713143969,0.0,0.0
64,-1.2396172193220902,1.0345170266574808,0.8409815654501606,-0.9174055823053477,1.0
65,-0.1562991144348421,-0.8065048667261565,1.4097216434371647,0.4463955854866515,0.0
66,-0.0595507782146566,0.45919768497509406,-0.27452631759337676,-1.7745431877612132,1.0
67,-1.9392327390639768,-0.4613132617167245,-0.26015022655133524,0.48734771552509837,1.0
68,0.7203592790705126,-1.2667603400720657,0.44771030726771643,0.8452026658029222,0.0
69,0.9039836723047427,-0.23118552504376985,-1.6745160578132687,-1.143594672633979,1.0
70,-1.2284286362217967,-0.5763771300532018,0.3912868522004553,-0.9700243075291664,1.0
71,0.277423018688303,1.149580894993958,1.4569022075098563,1.0209158749213745,0.0
72,-0.6216125410176394,0.34413381663861675,1.5288982081756788,-0.6328835160498594,1.0
73,-2.078760951844108,0.8043892899845261,-0.9206125235684095,-0.30193316283217786,0.0
74,-1.7332311796291595,0.6893254216480488,0.23728115986711318,0.0,1.0
75,0.0,-1.6119519450814976,0.4074445796226099,0.0,0.0
76,0.0,-0.11612165670729253,0.14981846814916366,-1.421212019289962,1.0
77,1.1804074900767016,-0.3462493933802472,-0.03417462446150349,1.410437297845207,0.0
78,-0.5696185371986282,0.22906994830213945,-1.6631806758902565,-1.5766872571684842,1.0
79,-0.6360918838533134,1.0345170266574808,0.045168576272265844,-1.6200203249998641,1.0
80,0.8763412905275467,-1.0366326033991111,0.6184939452107671,0.7023463982269447,0.0
81,0.5703006351371634,-0.9215687350626338,0.7941677650172241,1.0237730002728942,0.0
82,-0.5367109398448235,0.22906994830213945,0.4959158713498869,-1.5200209376966798,1.0
83,0.2728159550587699,2.0700918416857768,-1.8094970045161236,-0.9771671209079649,1.0
84,0.39457406526784755,-0.5763771300532018,1.4563155347771586,0.10354054330430518,0.0
85,-0.4629979217723014,0.0,-0.5321106836118916,-1.7762098442162662,1.0
86,0.8368521737029816,-0.001057788370815211,1.3865663341321146,0.4952048102417774,0.0
87,-0.7960228069928038,-0.23118552504376985,0.2641846146613721,-1.4559737110667834,1.0
88,-0.4669468334547576,-0.23118552504376985,-0.9171573417182741,-1.6828770827332944,1.0
89,0.0,0.11400607996566212,-1.316861872687486,-1.6776390195888415,1.0
90,0.33599854197807527,0.8043892899845261,1.2219886053373656,-0.9857384969625238,1.0
91,-0.5926538553462916,-1.381824208408543,0.33918554262771117,-0.716216338802513,1.0
92,0.3445545172900642,-1.1516964717355884,0.6906077276958601,1.1421056085816623,0.0
93,-0.9684586171267404,0.45919768497509406,0.6819313821610754,-1.2833557210791438,1.0
94,-1.3903340152025154,-0.5763771300532018,-2.1852001352633694,-0.320504477617055,1.0
95,0.5294952144184463,-1.1516964717355884,-0.15145997100070854,1.401865921790648,0.0
96,-1.2554128660519166,-0.001057788370815211,-2.4247340647513163,-0.6126455448099287,1.0
97,-1.6358246914618981,0.5742615533115714,0.7400268917892544,-0.5583601631310572,1.0
98,-1.920804484545846,1.149580894993958,-0.23341300812225024,0.0,0.0
99,0.9816456020597212,-0.23118552504376985,1.0776909676392588,0.7594889052573358,0.0
100,-1.5338111396651035,1.9550279733492992,-1.718447930946825,-0.2516953754012921,1.0
101,0.0,-1.4968880767450203,-0.2337171535796086,1.3221045057273941,0.0
102,1.6529605880773357,0.45919768497509406,0.3424290153849793,0.34472954172841386,0.0
103,0.22279640708098747,-1.7270158134179752,-0.4937786650755774,0.9147260493565643,0.0
104,0.11156872802512706,-1.8420796817544525,0.14049879533570192,0.5335379087079978,0.0
105,1.0329814539316564,0.45919768497509406,0.9084511660741212,0.0,0.0
106,0.48934794564680467,-1.2667603400720657,-0.6293187026926939,1.4590084288210392,0.0
107,-1.4745774644282552,0.6893254216480488,0.860332820174576,-0.6847879599357973,1.0
108,-1.1362873636311437,-0.6914409983896791,-1.6207605845888633,-1.0612142249984984,1.0
109,0.6071571441734247,-0.4613132617167245,1.2876161877624737,0.7330604957557796,0.0
110,0.12078285528419239,2.7604750517046406,0.39757923407682905,-0.06598222755252166,1.0
111,-0.10233065477460251,1.9550279733492992,0.7625351465428658,0.0,1.0
112,0.40839525615644506,-1.6119519450814976,0.07956832204494153,0.7647269684017883,0.0
113,-1.2284286362217967,1.149580894993958,-1.2792954359764332,-1.335974446302962,1.0
114,0.2767648667412266,-0.4613132617167245,1.3182133698636205,0.9871065582617268,0.0
115,0.8026282724550241,-0.5763771300532018,0.12894723159250898,1.5378174697671203,0.0
116,0.5136995676886195,2.185155710022254,0.8807948021819905,-0.4000277999010159,1.0
117,0.0,0.6893254216480488,0.38938967036472794,-1.608591823593786,1.0
118,1.2936096249737896,1.6098363683398673,-1.8839284052044682,0.6530609859132326,1.0
119,1.591094305052183,1.0345170266574808,-0.4271469553684551,-0.649073893041803,0.0
120,1.4081280637650293,-0.5763771300532018,0.19899237769483527,0.7263938699355673,0.0
121,-1.001366214480545,-1.1516964717355884,0.13356681345341298,1.242581183443433,0.0
122,0.8460663009620469,-1.0366326033991111,0.6168546906501523,0.7866315960967712,0.0
123,-1.7799599678715623,-0.001057788370815211,-1.4561112921570882,1.0830583513169252,1.0
124,-0.16222248195852718,0.8043892899845261,1.0277648944502673,-1.2533559048881884,1.0
125,0.9724314748006558,-0.5763771300532018,0.4642385256023878,0.0,0.0
126,1.0211347188842872,0.9194531583210034,0.10189468588778033,0.0,1.0
127,0.0,1.0345170266574808,0.2138291596502282,0.6482991103273662,0.0
128,0.3695642912789554,-1.0366326033991111,0.8660847475004976,1.0304396260931066,0.0
129,0.1688279474207474,0.11400607996566212,1.3496059519721217,1.2811523756889471,0.0
130,-1.1724857207203292,1.6098363683398673,-2.486470374413166,-0.10431532601874195,1.0
131,-1.5219644046177339,-0.001057788370815211,-0.08818578859736473,-1.123832888952635,1.0
132,-0.8921129912659134,-0.001057788370815211,1.5929103905858477,-0.07193457203485405,1.0
133,0.7177266712822087,-0.8065048667261565,0.9417655300185782,0.8497264476094948,0.0
134,-1.402180750249885,1.2646447633304354,-0.3477202637248231,-1.2362131527790712,1.0
135,-0.9809635041211859,0.34413381663861675,-2.7798015225804495,-0.469551183454658,1.0
136,-1.7391545471528447,-0.001057788370815211,-1.0265535427299743,-0.935500709531638,1.0
137,0.0,0.22906994830213945,-0.9257628690705854,-1.0112145313469063,1.0
138,0.46697077944621734,-1.4968880767450203,0.493340325871523,-0.16526733351782577,0.0
139,0.7243081907529693,0.22906994830213945,1.1610901865923569,-0.7990729739965797,0.0
140,1.2547786600962998,-0.5763771300532018,0.6800304730525867,0.24996821756968232,0.0
141,-1.7957556146013884,0.0,-0.21638160796474307,-0.39883733100454916,1.0
142,-0.6051587423407372,0.9194531583210034,0.816553019769698,-1.3183555066352581,1.0
143,1.2422737731018543,0.9194531583210034,0.38709367034349473,1.2978189402394775,0.0
144,0.2820300823178352,0.5742615533115714,1.6742961367930527,0.0,0.0
145,-1.7983882223896928,0.9194531583210034,-0.6920442305455091,-0.9014532990926972,1.0
146,-0.5762000566693892,1.49477250000339,0.7544641101045885,-1.209546649498222,1.0
147,0.4031300405798364,0.5742615533115714,-0.3730530457772837,-1.7045436166489842,1.0
148,-0.9882031755390229,1.149580894993958,1.246288932834823,-0.6550262375241354,1.0
149,0.0,2.4152834466952084,0.5046980714311049,-0.7014545244863285,1.0
150,-0.4353555399951054,-1.2667603400720657,1.052048076493021,-0.0826487921030521,1.0
151,0.9046418242518192,-0.11612165670729253,1.3063986606634481,-0.18217199184764998,0.0
152,-1.8293213639022692,1.3797086316669127,-1.3580407821592193,0.0,1.0
153,0.039830165793833694,-0.3462493933802472,0.8721162202835488,1.608531322217229,0.0
154,0.9691407150652755,-1.0366326033991111,0.6923617822575361,0.08877872898812073,0.0
155,1.5259372622916503,0.22906994830213945,0.12207488607440761,1.0085349983981235,0.0
156,-1.3264932763361346,-0.001057788370815211,0.058710503670229695,-1.255736842681121,1.0
157,-1.5180154929352776,-0.9215687350626338,0.4578827800890645,0.5340140962665846,1.0
158,1.0310069980904282,-1.0366326033991111,0.49392848951332596,0.6716323006981096,0.0
159,0.7078543920760669,-0.001057788370815211,1.3593266793347463,-0.4883605920188282,1.0
160,0.7585320920009258,-0.11612165670729253,1.428756079976833,0.37044366989209015,0.0
161,1.1771167303413215,-0.3462493933802472,0.5717330720510474,0.0,0.0
162,0.47486860281113075,0.0,0.20551361411878,1.6963879267764552,0.0
163,0.7262826465941976,-1.381824208408543,0.22510043248173792,-0.4121705826449738,0.0
164,-1.5476323305537014,1.6098363683398673,-0.30115768147602834,-0.9371673659866916,1.0
165,-1.983328919518075,-0.4613132617167245,-0.5034352833467004,0.35901516848601217,1.0
166,0.09116601766576898,2.185155710022254,-1.992462860753654,0.0,1.0
167,1.3995720884530405,-0.5763771300532018,-0.0919056068135835,0.9516305851470255,0.0
168,-0.34255611545737613,0.6893254216480488,-0.845188922870889,-1.7850193140501183,1.0
169,1.441035661118834,-0.23118552504376985,0.5396032353902733,0.44782414816241134,0.0
170,-1.3837524957317544,1.839964105012822,-0.44503413735205866,-0.9809766213766575,1.0
171,0.46368001971083705,1.2646447633304354,1.5657132266979639,0.47710968301548645,0.0
172,1.0158695033076786,-0.5763771300532018,0.9761615485184925,0.39234829758707307,0.0
173,0.6328250701093924,-1.1516964717355884,0.7004179096047667,-0.3976468621080824,0.0
174,0.0,1.3797086316669127,1.1221528589595353,0.0,1.0
175,0.4570985002400756,-0.11612165670729253,1.2988777696848037,1.1382961081129697,0.0
176,-0.268184945437778,0.9194531583210034,-0.8948585596938718,-1.7633527801344284,1.0
177,0.4768430586523591,-1.6119519450814976,0.39580505224223983,0.4685383069609282,0.0
178,-1.3311003399656671,-0.5763771300532018,-1.241198235624109,-1.1090710746364514,1.0
179,1.3864090495115184,-0.23118552504376985,0.6049617087219836,0.6780608327390282,0.0
180,-1.6417480589855826,0.22906994830213945,-1.763492767727038,-0.8045491309203253,1.0
181,1.2988748405503983,-1.0366326033991111,-1.0612939612330738,-0.271695252861929,1.0
182,-0.12141706123980914,2.7604750517046406,-1.3602875821799978,-0.5407412234633537,1.0
183,0.18330729025642134,0.5742615533115714,0.7487785282338258,1.806149159030665,0.0
184,1.3666644910992358,-0.8065048667261565,-0.09891586142386925,0.7311557455214336,0.0
185,-1.1790672401910895,2.0700918416857768,-0.8613831775661085,0.0,1.0
186,-1.216581901174427,2.4152834466952084,-0.8014739770120659,-0.6135979199271023,1.0
187,0.8658108593743294,-0.5763771300532018,0.5645237810752847,1.2832952197025869,0.0
188,1.3120378794919203,-0.6914409983896791,-1.1300681073236452,-0.6188359830715549,1.0
189,-1.6410899070385068,-0.001057788370815211,-1.6702960395924236,-0.8071681624925519,1.0
190,-0.9684586171267404,-0.6914409983896791,-0.9966831788173687,-1.3295459142620432,1.0
191,-0.3004343908445067,-0.11612165670729253,-0.8711583231110547,-1.7354958079571126,1.0
192,-0.2695012493319299,1.49477250000339,-0.8950315051500167,-1.6471630158393,1.0
193,-1.3903340152025154,1.9550279733492992,-0.6705878121652614,-0.8562154810269709,1.0
194,0.8164494633436226,-0.3462493933802472,-0.4230096826029207,1.7690065294609107,0.0
195,0.464996323604989,-0.4613132617167245,-0.2509692082846109,-1.5052591233804955,1.0
196,0.0,1.0345170266574808,0.6234266179836573,-1.0121669064640793,1.0
197,0.9066162800930466,-0.001057788370815211,0.6743329639089868,1.4182943925618854,0.0
198,0.5670098754017832,-0.5763771300532018,1.345493279206815,0.512109468571601,0.0
199,0.8065771841374808,-1.0366326033991111,0.8665610929594483,0.27115856392678533,0.0
200,0.10564536050144294,0.45919768497509406,1.6823306459582652,0.8254408821215784,0.0
201,0.0,-0.8065048667261565,-0.11693573431779077,1.7385305257113688,0.0
202,-1.9181718767575417,0.45919768497509406,-1.769280476871472,-0.17074349044157133,1.0
203,0.3452126692371406,-0.5763771300532018,1.474564262218651,0.09758819882197278,0.0
204,0.32810071861316187,0.0,1.1487536592055403,0.9294878636727488,0.0
205,-0.4327229322068011,-0.8065048667261565,-1.3160821272257293,-1.401212141829325,1.0
206,0.7967049049313399,-0.9215687350626338,0.8280389835122844,0.0,0.0
207,1.2692580029319738,-0.6914409983896791,0.5468945263667943,0.18115911535392012,0.0
208,-0.3478213310339852,2.530347315031686,-1.182839580538951,-0.926691239697786,1.0
209,-1.6220035005733,0.22906994830213945,-1.2117147626241715,-1.0683570383772976,1.0
210,0.7907815374076549,-0.9215687350626338,0.7582927646854506,0.907107048419179,0.0
211,-1.5074850617820599,0.22906994830213945,1.0078515669933814,-0.38978976739140403,1.0
212,0.7947304490901116,-1.0366326033991111,-0.016789878846183232,1.3237711621824468,0.0
213,0.16356273184413878,0.8043892899845261,1.5838642995930987,-0.570264852095722,1.0
214,1.1310460940459948,0.45919768497509406,0.7798885830669876,1.1778196754756567,0.0
215,0.07997743456547529,-1.4968880767450203,-1.5559716385351468,-0.6619309571236415,1.0
216,-0.21224202993631006,1.9550279733492992,-1.4719760559401698,-1.281212877065504,1.0
217,-0.7565336901682387,-0.23118552504376985,-0.7533779947490903,-1.6145441680761183,1.0
218,-1.9695077286294769,0.45919768497509406,0.3444760335857283,0.48758580930439144,1.0
219,-1.394941078832048,0.22906994830213945,-2.5452397749566673,-0.22050509031387028,1.0
220,0.8612037957447963,0.11400607996566212,0.02634510337091323,1.7813874059841617,0.0
221,0.7262826465941976,-1.0366326033991111,0.9330161299376638,0.4961571853589504,0.0
222,-0.9770145924387292,0.34413381663861675,1.0240868216889798,-1.0276430021181437,1.0
223,0.0,0.5742615533115714,1.6320862636754205,-0.5900266357770658,1.0
224,1.6029410400995532,0.6893254216480488,0.36427232467789655,-0.2066956511148595,0.0
225,0.9151722554050364,-0.6914409983896791,-0.11616493431066209,-1.0895473847344006,0.0
226,-0.489982151602421,-0.8065048667261565,-1.017075088096863,-1.4264500824344144,1.0
227,-1.970165880576553,0.22906994830213945,-0.37700171854107345,-0.5952646989215183,1.0
228,0.38733439385001056,-0.5763771300532018,1.4484241528859967,0.46020502468566293,0.0
229,0.741420141376948,-1.4968880767450203,0.2708705965413858,0.5068714054271485,0.0
230,0.12341546307249716,-0.3462493933802472,1.3200412244259783,1.1494865157397545,1.0
231,-1.1863069116089267,-0.4613132617167245,-1.7821634224451597,-1.0321667839247162,1.0
232,0.0,0.22906994830213945,1.4495497892600424,0.0,1.0
233,0.8901624814161443,-0.9215687350626338,-0.4242277553414585,1.4230562681477517,1.0
234,-1.8082605015958342,1.6098363683398673,0.12934679523256784,0.46425261893364866,1.0
235,-1.6042333980022454,1.0345170266574808,-1.1044841070870435,-1.0916902287480403,1.0
236,0.0,-0.001057788370815211,0.24960874179930118,-1.3390696654337748,1.0
237,0.056283964470736005,-0.6914409983896791,1.28292653317365,-0.5166937517547304,0.0
238,0.6269017025857073,-0.3462493933802472,0.5262991079945089,-1.2281179642830993,1.0
239,0.0,-0.4613132617167245,0.9030033842055591,1.3094855354248494,0.0
240,1.0027064643661565,0.9194531583210034,-2.3086682818597533,-0.6883593666251969,1.0
241,-0.731523916179347,1.2646447633304354,0.08803295848685944,-1.5354970333507438,1.0
242,0.0,-0.4613132617167245,0.5370947808216204,0.31187260018593915,0.0
243,1.3317824379042027,-0.6914409983896791,0.40050588864934955,0.5897280406212159,0.0
244,0.0,-1.381824208408543,0.766339201123501,-0.023839628617608025,0.0
245,0.0,1.9550279733492992,-1.5424021293187462,1.0318681887688663,1.0
246,-1.6345083875677457,1.0345170266574808,0.3437149244877805,-0.8005015366723396,1.0
247,-0.509726710014704,0.5742615533115714,-0.3519373001274588,2.147813732316544,1.0
248,-1.471286704692875,2.3002195783587314,-0.8609918139261254,-0.27336190931698195,1.0
249,-0.17077845727051608,-1.2667603400720657,-2.2059334627278395,0.0,1.0
250,0.7835418659898179,-0.001057788370815211,1.202901986979034,1.0118683113082294,0.0
251,-0.23527734808397338,1.0345170266574808,0.662247654706312,-1.4457356785571713,1.0
252,1.2995329924974746,-0.3462493933802472,0.7381841281358487,0.5778233516565511,0.0
253,-1.2317193959571773,-0.6914409983896791,0.8785040203426236,-0.360028044979742,1.0
254,0.0,1.3797086316669127,0.5803251812214169,-1.3481172290469203,1.0
255,1.0685216590737658,-0.9215687350626338,0.6505954545985522,0.509490436999375,0.0
256,1.0606238357088524,-0.4613132617167245,0.4926135076829832,0.0,0.0
257,-1.6279268680969847,0.22906994830213945,0.13285341344681545,-0.9778814022458447,0.0
258,1.2291107341603322,0.34413381663861675,0.7042883096405602,1.1037725101154419,0.0
259,0.5953104091260556,-0.5763771300532018,-0.965889196714403,-1.3976407351399258,1.0
260,0.6486207168392192,-0.9215687350626338,0.9444208391340434,0.7811554391730257,0.0
261,-0.29911808695035424,-0.11612165670729253,-0.009247369685520675,-1.6662105181827636,1.0
262,-0.36756588944626783,-0.11612165670729253,1.367735406685238,-0.836453697345627,1.0
263,-1.4331138917624613,0.9194531583210034,-0.35783533654564065,-1.2983556291746212,1.0
264,1.26662539514367,0.22906994830213945,-0.31878097254810045,1.5428174391322795,0.0
265,0.3860180899558577,0.8043892899845261,0.6299806544079055,-1.4000216729328585,1.0
266,0.3807528743792491,-1.1516964717355884,0.12628894065883436,-1.0193097198428784,0.0
267,0.5031691365354022,-0.23118552504376985,1.1589701138454773,1.1997243031706395,0.0
268,-1.6206871966791476,-1.1516964717355884,-0.5671455566631686,-0.20098140041182017,1.0
269,0.0,-1.1516964717355884,0.5450935081683205,0.5590139430923803,1.0
270,-1.3363655555422758,1.9550279733492992,0.6038278723478615,-0.27979044135790115,1.0
271,0.5426582533599683,0.11400607996566212,1.3930681887376988,1.0009159974607376,0.0
272,0.755899484212622,-0.3462493933802472,-0.17246315301312867,1.775911249060416,0.0
273,0.2688670433763132,0.11400607996566212,1.723453646338572,-0.004077844936264162,0.0
274,0.5466071650424241,-0.9215687350626338,0.15019715906175632,1.490912995246341,0.0
275,-1.1277313883191549,-0.8065048667261565,-2.0808320252072594,-0.5526459124280185,1.0
276,1.4811829298904755,-0.11612165670729253,0.24877159633701354,0.8837738580484362,0.0
277,1.6154459270939987,-0.4613132617167245,-0.3566247183526262,0.0,0.0
278,0.0,-1.1516964717355884,-0.1454053891265336,0.0,1.0
279,1.1106433836866358,-0.9215687350626338,0.5909933813200768,0.4049672678896178,0.0
280,-1.2126329894919707,1.839964105012822,-1.6513659666900848,0.0,1.0
281,-0.6525456825302157,-1.381824208408543,-1.7140370763605788,0.0,1.0
282,-1.5877795993253432,-0.11612165670729253,-0.4537529737963271,-1.1088329808571575,1.0
283,0.0,-0.11612165670729253,1.064933258430366,1.3723422931582792,0.0
284,-1.137603667525296,1.7249002366763446,-0.09686660685946326,-1.1747849577214007,1.0
285,0.6815283141930238,-1.6119519450814976,-0.22281637166061563,0.7885363463311179,0.0
286,-0.5781745125106176,-1.1516964717355884,-0.6456195573888992,0.0,1.0
287,1.189621617335767,0.11400607996566212,0.9645264938654363,0.8002029415164896,0.0
288,-1.2995090465060148,0.6893254216480488,0.8460126382239601,-0.9140722693952412,1.0
289,-0.2806898324322236,-1.381824208408543,0.8851452749494966,-0.29836175614277827,1.0
290,-0.939499931455392,-0.5763771300532018,1.2874656059429002,0.0,1.0
291,1.3107215755977673,-0.4613132617167245,0.4927491804115106,0.7256795885976874,0.0
292,-0.6314848202237807,0.34413381663861675,1.6072439907184053,-0.48312252887437573,1.0
293,1.1066944720041791,-0.3462493933802472,0.5715780175041593,1.1668673616281648,0.0
294,0.44459361324562996,-0.001057788370815211,1.542156117389198,-0.37526604685451265,0.0
295,1.1586884758231908,-0.001057788370815211,0.8755102748603917,0.9337735517000283,0.0
296,0.6025500805438925,-0.11612165670729253,0.947832039165591,1.400675452894182,0.0
297,0.4788175144935865,-0.5763771300532018,1.0966016587232361,1.1118676986114133,0.0
298,1.0263999344608958,-0.5763771300532018,0.8400892563509992,0.8330598830589644,0.0
299,0.06615624367687684,-1.2667603400720657,0.4355929435192907,1.231866963375235,0.0
300,0.0,-0.9215687350626338,0.0031010849741330104,1.6725785488471256,0.0
301,-0.801288022569413,1.6098363683398673,1.4061695524952242,-0.07693454140001278,1.0
302,-1.6812371758101483,0.34413381663861675,0.5500000900318786,-0.6521691121726158,1.0
303,0.8401429334383619,0.22906994830213945,0.6214742725110562,-1.164785018991082,1.0
304,-2.058358241484749,0.8043892899845261,-0.9548072693391894,-0.33788532350546535,0.0
305,0.9882271215304826,0.0,0.0890490130417103,-0.0214586908246752,1.0
306,1.315986791174377,-0.3462493933802472,0.5048143623412716,0.8280599136938049,0.0
307,1.1784330342354734,-0.11612165670729253,0.47588252571007233,1.2218670246449161,0.0
308,1.321910158698061,-0.4613132617167245,0.6653047638254935,0.16020686277610952,0.0
309,-0.6499130747419114,2.0700918416857768,-2.3127466637156524,-0.4426465863945157,1.0
310,0.7743277387307526,0.0,1.131533659046289,0.9947255591991121,0.0
311,0.3254681108248571,1.49477250000339,0.8591214565270097,0.0,0.0
312,0.7078543920760669,-1.6119519450814976,-0.980169869573744,-0.24645731225683962,0.0
313,0.4867153378584999,-0.3462493933802472,0.46778614381701483,1.680911831122391,0.0
314,1.2830791938205723,0.5742615533115714,0.4203155979234595,1.2568668102010307,0.0
315,0.5986011688614358,0.34413381663861675,-0.5843968659136184,-1.6445439842670735,1.0
316,0.726940798541274,-1.7270158134179752,-0.4817738649645564,0.1721115517407743,0.0
317,0.5650354195605548,-1.2667603400720657,-0.14469944366545945,1.343771039643084,0.0
318,1.048118948714407,-0.5763771300532018,1.0149348761497965,0.1575878312038836,0.0
319,0.0,0.9194531583210034,-0.8070104679723583,-1.7797812509056656,1.0
320,-0.8750010406419352,-0.23118552504376985,0.8982846568891927,-1.0581190058676857,1.0
321,0.0,0.11400607996566212,-0.03577138811263393,0.024255314799638,1.0
322,1.446959028642519,-0.6914409983896791,-0.0035468787237112978,-0.22907646636842924,0.0
323,0.0,-0.11612165670729253,1.0791513131073094,1.52043662387871,1.0
324,1.2857118016088762,0.5742615533115714,-0.0007506786978517694,0.0,0.0
325,-1.8378773392142584,-0.001057788370815211,-1.9084672781586776,0.38472929664968775,0.0
326,-1.9754310961531616,1.3797086316669127,-0.904875977968332,0.677584645180442,1.0
327,0.7927559932488832,-0.4613132617167245,0.8113072560848217,1.234247901168168,0.0
328,0.0,-1.2667603400720657,0.7768672557663191,0.9802018386622208,0.0
329,-1.535127443559256,-0.5763771300532018,0.44383841632281795,0.9532972416020784,1.0
330,1.0474607967673304,-1.1516964717355884,0.2591624873421998,0.49591909157965736,0.0
331,1.0066553760486132,-0.5763771300532018,0.8674735293315222,0.8173456936256068,0.0
332,-0.5590881060454109,1.49477250000339,0.9266715662426253,-1.0597856623227384,1.0
333,0.9586102839120583,-0.23118552504376985,0.16850328650377994,1.5721029739853547,0.0
334,1.4206329507594748,0.45919768497509406,0.8467856745947463,0.20282564926960997,0.0
335,-1.7016398861695075,0.5742615533115714,0.19284908672893067,-0.8828819843078202,1.0
336,1.4785503221021716,-0.11612165670729253,0.6008773632296665,0.10187388684925226,0.0
337,0.6927168972933165,-0.9215687350626338,0.3726154520277813,1.28210475080612,0.0
338,0.630850614268164,0.45919768497509406,1.4181982071519204,0.9594876798637045,0.0
339,0.07273776314763832,-1.6119519450814976,0.41377647059025857,0.7532984669957097,0.0
340,-1.8747338482505194,1.2646447633304354,0.22239145063850357,-0.25788581366291824,1.0
341,0.48934794564680467,1.3797086316669127,-0.1687463166151188,-1.5333541893371045,0.0
342,0.0,0.22906994830213945,-0.6221750117175376,1.2180575241762237,0.0
343,0.0,-0.9215687350626338,0.14810168631510506,0.6130612309919586,0.0
344,-0.24383332339596228,-1.1516964717355884,0.025060685177216453,-1.144547047751152,1.0
345,0.06418178783564847,-1.7270158134179752,-0.9569474693589819,0.92520217564547,0.0
346,1.1047200161629507,-1.2667603400720657,-1.1406103256029587,0.4675859318437545,0.0
347,-1.7720621445066493,1.839964105012822,0.10397748590704232,0.20973036886911536,1.0
348,0.7506342686360133,0.11400607996566212,1.4942151896731108,-0.029553879320647344,0.0
349,0.0,-1.9571435500909298,-0.12601089803808174,0.12354042076494212,1.0
350,0.638090285686001,-0.9215687350626338,0.29789257860946844,1.371151824261813,0.0
351,0.5867544338140657,-1.4968880767450203,0.11965439514293236,0.7530603732164166,0.0
352,0.8816065061041554,-0.6914409983896791,0.5573010719175797,1.1680578305246316,0.0
353,0.9704570189594284,0.9194531583210034,1.154902913807864,0.9030594541711933,0.0
354,0.6631000596748932,1.839964105012822,-0.8424732319366832,-1.2566892177982945,1.0
355,1.467361739001878,-0.001057788370815211,0.20406892319632872,1.0054397792673102,0.0
356,0.0,1.2646447633304354,-1.7681429132245883,-0.283123754268007,1.0
357,-0.9842542638565662,0.34413381663861675,-0.6857824123057813,-1.6228774503513836,1.0
358,-0.882898864006848,2.645411183368163,-0.9420689419486576,0.0,1.0
359,1.2245036705308001,-0.23118552504376985,0.8715280566417459,0.6694894566844699,0.0
360,-1.7036143420107357,-0.3462493933802472,0.10210788588975206,-0.68931174174237,1.0
361,-0.17472736895297278,0.5742615533115714,0.32784270615917555,-1.638591639784741,1.0
362,0.9823037540067976,-0.9215687350626338,0.8218718380007053,0.33449150921880266,0.0
363,0.5597702039839462,-0.001057788370815211,0.984846094053353,-1.0483571609166606,1.0
364,0.28400453815906357,0.6893254216480488,1.3872156250472107,1.2316288695959412,0.0
365,0.46762893139329376,2.0700918416857768,0.46434065287605975,-0.9428816166897303,1.0
366,0.0,0.0,1.291567842344474,0.3716341387885569,1.0
367,0.0,0.45919768497509406,-0.7782970495249972,1.9349578936283374,1.0
368,0.6466462609979908,-0.001057788370815211,1.357260279315636,0.9056784857434192,0.0
369,1.1369694615696788,-1.2667603400720657,-0.6170820662158925,0.610204105640439,0.0
370,-0.40771315821790943,1.6098363683398673,-0.7155991034906185,-1.5726396629204982,1.0
371,0.0,0.0,-1.0125307971457465,-0.6733594585297195,1.0
372,0.9638754994886669,-1.1516964717355884,0.43575917988446466,0.6437753285207937,0.0
373,-1.5180154929352776,1.2646447633304354,0.4333155798618657,-0.8343108533319873,1.0
374,0.5525305325661092,-1.2667603400720657,0.6908783276983623,0.5711567258363388,0.0
375,0.8427755412266656,-1.381824208408543,0.2349575780274429,0.41853861330933617,0.0
376,1.5930687608934113,0.11400607996566212,-0.21773386252270327,1.0121064050875224,0.0
377,0.2899279056827486,0.6893254216480488,-2.1600298623033205,0.0,1.0
378,0.18199098636226943,-0.5763771300532018,0.5455519627180143,-1.2928794722508754,0.0
379,1.0737868746503745,0.34413381663861675,0.09068975851142959,1.6294835747950391,0.0
380,1.0152113513606023,-0.6914409983896791,0.5073794714559027,1.0673441618835677,0.0
381,-1.3929666229908197,0.5742615533115714,-0.2488148446283235,-1.3452601036954006,1.0
382,0.0,-0.8065048667261565,0.9005791660013214,-0.2762190346685016,1.0
383,0.0,-1.1516964717355884,-0.22546944441242384,1.3390091640572181,1.0
384,-0.9954428469568599,-1.0366326033991111,-2.0113042245642636,-0.6205026395266078,1.0
385,1.0395629734024179,0.11400607996566212,0.9500490210042749,1.0590108796083018,0.0
386,1.2304270380544842,-0.3462493933802472,0.8627890929245643,0.26187290653434714,0.0
387,-1.3383400113835042,0.6893254216480488,-1.827296968317102,-1.1212138573804091,1.0
388,0.21753119150437789,0.45919768497509406,1.4837087532123103,1.1423437023609553,0.0
389,-0.06020893016173256,0.22906994830213945,-2.609708175552874,-1.0214525638565182,1.0
390,0.9237282307170254,-0.001057788370815211,0.8237742380182991,1.3068665038526228,0.0
391,0.9987575526836999,0.9194531583210034,1.1516557137778327,0.8630596992499194,0.0
392,1.0342977578258092,-0.9215687350626338,0.6715464547923081,0.48877627820085817,0.0
393,-0.16682954558805982,-1.1516964717355884,1.133369713608724,0.5480616292448891,0.0
394,0.14447632537893168,1.2646447633304354,-2.0677038250858493,-1.3169269439594984,1.0
395,0.0,-1.8420796817544525,-0.4066894460883541,0.5825852272424168,0.0
396,-1.4969546306288426,1.7249002366763446,-1.9860944425129405,-0.12383901592079205,1.0
397,-0.939499931455392,-0.9215687350626338,0.8892549658965944,0.9509163038091456,1.0
398,0.7532668764243171,0.45919768497509406,1.5300290627315913,0.442109897459372,0.0
399,0.0,-1.0366326033991111,0.8397798927117739,0.5116332810130148,1.0
400,-1.8964528625040307,1.2646447633304354,0.07407432199413301,-0.33883769862263835,1.0
401,1.3265172223275943,-0.23118552504376985,0.10282054044179763,1.2049623663150928,0.0
402,-1.6753138082864634,0.8043892899845261,-1.7729980587240342,-0.7338352784702163,1.0
403,1.4765758662609434,-0.8065048667261565,-0.2970554450744544,0.5325855335908247,0.0
404,-0.49722182302025797,1.839964105012822,-0.6356386663875047,-1.4857354334784454,1.0
405,1.1047200161629507,0.5742615533115714,0.0357534852761041,1.6287692934571592,0.0
406,-0.5564554982571062,1.6098363683398673,1.0222940034905812,-0.9697862137498726,1.0
407,-1.057309129982013,-1.0366326033991111,-1.551199238491011,-0.8978818924032976,1.0
408,-0.8631543055945655,0.0,-0.293147026856491,0.0,1.0
409,-1.9385745871169002,1.0345170266574808,-0.619192448053591,-0.640264423207951,1.0
410,0.0,-0.3462493933802472,-2.6578913759984744,0.0,1.0
411,0.9138559515108845,0.0,0.8368264017753694,0.6737751447117494,0.0
412,0.2649181316938565,-1.8420796817544525,-1.2218596536270832,0.6163945439020645,0.0
413,-0.5136756216971603,0.45919768497509406,-1.288650145153855,-1.7047817104282774,1.0
414,1.4370867494363773,0.34413381663861675,0.65333723644209,0.7116320556193828,0.0
415,-1.5542138500244624,0.8043892899845261,-0.9790390150178309,-1.202403836119423,1.0
416,0.4103697119976734,-0.4613132617167245,0.2122070505443176,-1.4024026107257916,1.0
417,0.5347604299950549,-0.8065048667261565,1.0755962403471588,0.8892500149721818,0.0
418,0.8125005516611659,-1.381824208408543,0.3938966885882277,0.12211185808918229,0.0
419,-0.2695012493319299,0.8043892899845261,1.81386461081106,0.0,0.0
420,-2.007022389612814,0.5742615533115714,-0.13659113449956461,-0.45264652512483383,1.0
421,1.2449063808901581,1.0345170266574808,0.712957946084374,0.9697257123733157,0.0
422,-0.7512684745916296,-0.11612165670729253,0.43261485258265847,-1.421212019289962,1.0
423,0.0,-0.5763771300532018,-1.9838468970376097,-1.2004990858850764,1.0
424,-1.395599230779124,-0.001057788370815211,0.2869828512358471,-1.1295471396556744,1.0
425,-0.3109648219977239,0.6893254216480488,0.817269401594505,-1.4047835485187246,1.0
426,-0.6821625201486401,0.11400607996566212,1.5043421897667653,-0.5955027927008114,1.0
427,0.0,-0.3462493933802472,0.46741043472263105,1.2178194303969305,0.0
428,-0.2806898324322236,-0.8065048667261565,0.13116123161298449,-1.3445458223575206,1.0
429,1.3094052717036155,-0.5763771300532018,-0.6589348666029491,0.0,0.0
430,1.5746405063752809,-0.4613132617167245,-0.8296529045453928,0.7647269684017883,0.0
431,1.5858290894755744,-0.11612165670729253,-0.3399653000167413,0.9297259574520426,0.0
432,0.3149376796716398,0.8043892899845261,-2.010584860921247,1.7932920949488265,1.0
433,1.3449454768457247,-0.001057788370815211,0.6887038367691618,0.7897268152275839,0.0
434,1.2343759497369409,0.34413381663861675,0.8063119651295344,0.0,0.0
435,-0.5353946359506717,0.6893254216480488,1.3182946244098261,-0.9602624625781413,1.0
436,0.0,-1.0366326033991111,-1.2063392898471863,1.6278169183399862,0.0
437,0.7532668764243171,-1.0366326033991111,0.6691528002247169,0.8254408821215784,0.0
438,-0.4708957451372143,-0.001057788370815211,-1.3259743091353942,-1.6547820167766853,1.0
439,0.8809483541570798,-1.4968880767450203,-0.17206657119127927,-0.28764753607458027,0.0
440,-1.2343520037454816,-0.4613132617167245,0.7827220558204646,-0.7578827501788398,1.0
441,0.961242891700363,-0.11612165670729253,0.668428218399834,0.0,0.0
442,-1.8661778729385305,0.34413381663861675,-0.19375258957365094,-0.764549375999052,0.0
443,-0.767064121321456,0.22906994830213945,-0.438963155477732,-1.6845437391883473,1.0
444,-2.1031125738859235,0.45919768497509406,-1.0262754881819487,-0.1912195554607951,0.0
445,0.0,-0.4613132617167245,-0.21319702611711,1.8249585675948345,0.0
446,0.0,-0.23118552504376985,0.4205176161071459,0.8244885070044053,1.0
447,0.6012337766497406,0.9194531583210034,1.4297855527136263,0.9159165182530311,0.0
448,-0.8506494186001199,1.6098363683398673,-0.2333369717579104,0.0,1.0
449,0.8486989087503507,-1.6119519450814976,-0.4582622283834833,0.0,0.0
450,-1.4074459658264942,-0.9215687350626338,0.30891785143870293,-0.45288461890412757,1.0
451,-0.5840978800343022,-1.381824208408543,-1.5690603295652825,-0.8255013834981352,1.0
452,1.0448281889790265,-0.23118552504376985,0.29142501491329237,1.4287705188507904,0.0
453,1.225819974424952,-1.2667603400720657,-0.3838703367864134,0.0873501663123609,0.0
454,1.14026022130506,1.839964105012822,-1.9620416059268624,0.509490436999375,1.0
455,0.09050786571869254,-0.3462493933802472,1.1084655679238637,1.3975802337633685,0.0
456,-1.4337720437095378,-0.11612165670729253,-0.4959032105497707,0.0,1.0
457,1.0040227682603085,-1.2667603400720657,-0.6739013576504504,0.956868648291478,0.0
458,0.0,0.6893254216480488,1.118592568017518,-1.1893086782582916,1.0
459,0.9888852734775582,-1.1516964717355884,-0.2599653538223526,1.036391970575439,0.0
460,-1.103379766277339,0.45919768497509406,-2.1917295716873904,-1.0750236641975097,1.0
461,-2.093240294679782,1.0345170266574808,-0.4261860644504779,-0.054553726146443014,0.0
462,0.0,-1.0366326033991111,0.9124550024747857,-0.10907720160460828,0.0
463,-1.8628871132031497,1.839964105012822,-0.958928142104572,0.40139586120021886,1.0
464,1.529886173974107,1.0345170266574808,0.5657880719960677,0.27187284526466526,0.0
465,-1.2567291699460685,-0.3462493933802472,0.9231940207559187,-0.6816927408049847,1.0
466,1.157372171929038,-0.11612165670729253,-2.1913434262292735,-0.47978921596426993,1.0
467,-0.7973391108869562,-1.4968880767450203,-1.146807289296632,-0.7274067464292978,1.0
468,0.0523350527882793,1.2646447633304354,-1.9929123698487201,-1.3795456079136352,1.0
469,0.056283964470736005,-1.2667603400720657,0.6619427637944018,1.0754393503795392,0.0
470,-1.3791454321022216,-0.001057788370815211,1.162373113876948,-0.29359988055691266,1.0
471,0.0,0.11400607996566212,1.595883263340614,0.8766310446696371,0.0
472,0.8934532411515255,-1.381824208408543,0.0011241395013049191,0.6552038299268723,0.0
473,0.0,-0.8065048667261565,-0.2507619719190575,1.2330574322717012,0.0
474,0.0,-0.5763771300532018,-1.911405114549483,-0.9145484569538281,1.0
475,0.6815283141930238,-0.3462493933802472,1.2148426779985524,0.9461544282232799,0.0
476,0.9191211670874931,-1.381824208408543,-0.6393942664222364,0.9578210234086509,0.0
477,-1.3054324140296996,1.6098363683398673,-0.16385091656984607,-1.1200233884839423,1.0
478,-1.6608344654507894,0.5742615533115714,0.316330651507257,0.0,1.0
479,-1.6476714265092678,-0.9215687350626338,-1.46477720132814,0.4066339243446714,1.0
480,-0.5057777983322473,-1.6119519450814976,0.34869679726112596,0.6528228921339387,0.0
481,1.2152895432717348,0.45919768497509406,1.1349992772601578,0.0,0.0
482,0.3044072485184226,-1.2667603400720657,0.8044326742030633,0.8006791290750758,0.0
483,-0.9342347158787834,-0.6914409983896791,-1.551206693036535,-1.1874039280239455,1.0
484,-1.2238215725922639,0.11400607996566212,-0.27467168123108504,-1.4393071465162526,1.0
485,0.1372366539610947,-0.11612165670729253,0.5807806539529018,-1.4352595522682665,1.0
486,1.262018331514137,0.45919768497509406,0.8417426745481078,0.0,0.0
487,0.7743277387307526,-0.6914409983896791,0.9713406939284536,0.8094885989089278,0.0
488,-1.928702307910759,1.3797086316669127,-0.8219016681100729,-0.4757416217162835,1.0
489,1.0198184149901353,-0.5763771300532018,-0.41316968251192,1.5504364400696649,0.0
490,-0.9612189457089034,0.45919768497509406,-1.5664035295407124,-1.4869259023749117,1.0
491,-0.3734892569699529,-0.3462493933802472,-1.9970705153417205,0.0,1.0
492,-0.32346970899216954,-0.6914409983896791,1.5308013536478244,0.33044391497081627,0.0
493,-0.33531644403953914,-0.9215687350626338,-0.4354572827180369,-1.4166882374833893,1.0
494,0.19778663309209532,-0.6914409983896791,-1.1323685800721928,-1.4762116823067133,1.0
495,1.1053781681100272,-0.11612165670729253,0.8070686015001678,1.0335348452239193,0.0
496,1.073128722703298,-0.8065048667261565,0.460099761927749,0.8747262944352912,0.0
497,-1.5199899487765056,0.34413381663861675,-0.9021334506702415,-1.257165405356881,1.0
498,0.6018919285968161,-1.0366326033991111,0.9939152941372246,0.0,0.0
499,-0.42416695689481176,0.11400607996566212,1.1355471863561333,-1.1219281387182891,1.0
500,-0.8710521289594785,1.149580894993958,0.6039814359856457,-1.3071650990084733,1.0
501,0.9882271215304826,0.11400607996566212,-0.2350224445007705,0.0,0.0
502,0.09050786571869254,-1.1516964717355884,0.6396163999515629,1.165438798952405,0.0
503,0.0,0.11400607996566212,-0.5534672110821248,-1.757400435652096,1.0
504,0.08721710598331227,1.49477250000339,-1.1903500351538625,-1.5702587251275653,1.0
505,1.0316651500375045,0.6893254216480488,1.1558317501800894,0.8435360093478693,0.0
506,0.8065771841374808,-0.5763771300532018,0.5338393807915144,1.354485259711282,0.0
507,0.0,0.5742615533115714,0.4523611982198189,-1.3971645475813392,1.0
508,1.020476566937211,2.530347315031686,-0.44052562821945446,0.0,1.0
509,0.9586102839120583,-0.3462493933802472,0.5464740899992697,0.0,0.0
510,-0.4564164023015404,0.0,-2.697103776361112,-0.3069331321973366,1.0
511,0.36166646791404294,-1.1516964717355884,0.5257966716262261,1.2290098380237153,0.0
512,1.2988748405503983,-0.3462493933802472,0.516008107899337,0.8435360093478693,0.0
513,-0.3728311050228765,0.9194531583210034,-0.4081087915560258,-1.7550194978591627,1.0
514,1.1001129525334186,0.5742615533115714,-0.11835433433090994,1.6732928301850056,0.0
515,-1.4383791073390704,0.11400607996566212,0.12535935883205565,0.0,1.0
516,1.317303095068529,-0.4613132617167245,-0.8722094140298666,0.0,0.0
517,1.1843564017591584,-0.23118552504376985,-0.5219859198818938,-1.13502329657942,1.0
518,-0.36690773749919187,2.185155710022254,-1.1829223259942618,-1.2704986569973056,1.0
519,-1.9609517533174876,0.45919768497509406,-0.6683946848722516,-0.6785975216741719,1.0
520,-1.1968373427621444,0.6893254216480488,0.8093206197028132,-1.0374048470691688,1.0
521,-0.10101435088045059,-0.8065048667261565,-0.015850606110223635,-1.4116882681182303,1.0
522,0.9454472449705362,-0.4613132617167245,1.0855652040757167,0.5511568483757019,0.0
523,0.20700076035116063,0.8043892899845261,1.0024254033068358,-1.2283560580623925,1.0
524,0.9948086410012432,-0.4613132617167245,0.5793985812128476,1.2006766782878133,0.0
525,0.08853340987746419,0.5742615533115714,1.7214744645020863,-0.34479004310497074,0.0
526,-1.3916503190966678,0.34413381663861675,0.6447466181808256,-0.9733576204392722,1.0
527,-0.34123981156322425,-1.7270158134179752,0.42025894337748143,0.44520511659018475,0.0
528,-1.1968373427621444,1.839964105012822,-2.069299097827875,-0.5419316923598199,1.0
529,1.6174203829352272,-0.23118552504376985,-0.9124199780380989,-0.42193242759599886,0.0
530,0.020085607381550175,1.49477250000339,0.3322878516548297,-1.4678784000314482,1.0
531,-0.7473195629091733,0.6893254216480488,-0.9014118506635682,-1.7043055228696908,1.0
532,0.969798867012352,1.7249002366763446,-0.6610556848043805,1.551388815186838,0.0
533,1.7529996840329023,0.34413381663861675,-0.5990390842308483,0.7180605876603021,0.0
534,0.5775403065550003,-0.6914409983896791,1.146302604637418,0.7768697511457462,0.0
535,0.9191211670874931,-0.4613132617167245,1.1191382407498376,0.6730608633738695,0.0
536,0.7697206751012194,-1.4968880767450203,0.10861346776809808,0.03235050329561014,0.0
537,-0.20236975073016877,-1.1516964717355884,0.9153481115924503,0.0,0.0
538,1.2988748405503983,-0.11612165670729253,-0.01684802430126633,1.3461519774360167,0.0
539,0.4761849067052827,-0.23118552504376985,1.176620986735986,1.2190098992933966,0.0
540,0.8342195659146768,-0.001057788370815211,1.1562439865475382,1.0275825007415869,0.0
541,0.7144359115468284,0.34413381663861675,0.6725155457103612,1.6225788551955336,0.0
542,0.8789738983158515,-0.3462493933802472,1.2704670057856964,0.3480628546385204,0.0
543,-0.06547414573834165,0.22906994830213945,-1.413580873581947,-1.691686552567146,1.0
544,0.7763021945719809,-0.8065048667261565,0.9338249481269613,0.7592508114780421,0.0
545,-1.4607562735396573,2.185155710022254,0.009068448665683296,-0.27288572175839576,1.0
546,0.9197793190345687,-0.9215687350626338,0.633458945349164,0.7637745932846153,0.0
547,1.2245036705308001,0.34413381663861675,0.43828850718058326,1.3156759736864747,0.0
548,0.969798867012352,-0.3462493933802472,0.4821100530403921,1.3563900099456285,0.0
549,0.5986011688614358,-0.11612165670729253,1.1551295319917774,1.1961528964812407,0.0
550,0.7243081907529693,-0.001057788370815211,1.2093061870382595,1.0749631628209528,0.0
551,1.1290716382047665,-0.5763771300532018,0.7229850552680144,0.690679803041573,0.0
552,-0.5531647385217259,2.530347315031686,-1.695731694373108,0.0,1.0
553,-1.3205699088124498,-0.11612165670729253,0.02362866698215497,-1.24264168481999,1.0
554,-1.7404708510469966,-0.3462493933802472,-0.5629754838973307,-0.8159776323264039,1.0
555,0.5090925040590872,0.11400607996566212,1.3772138613183504,1.0518680662295032,0.0
556,-0.5656696255161715,1.49477250000339,-0.10809538878148914,-1.5452588783017693,1.0
557,0.9790129942714173,-0.9215687350626338,0.26658348741082977,1.1199628871073855,0.0
558,0.699298416764078,-1.1516964717355884,0.6242212725364605,-0.3690756085928872,0.0
559,0.9112233437225797,-0.5763771300532018,0.3938586704060577,0.0,0.0
560,0.19054696167425833,0.9194531583210034,-1.316074672680206,-1.679305676043895,1.0
561,-1.7404708510469966,0.5742615533115714,-1.4994065471029392,-0.8347870408905741,0.0
562,-0.3471631790869088,0.9194531583210034,0.9327022935711246,1.698292677010802,0.0
563,-0.16682954558805982,0.11400607996566212,1.713703846248406,-0.3228854154099878,0.0
564,-0.0029497107661126862,-0.001057788370815211,0.5964404177340876,-1.478354526320353,1.0
565,0.0,-1.1516964717355884,0.503031235052054,0.1356832035089,0.0
566,-1.1119357415893285,0.6893254216480488,-0.4869547741033788,-1.5528778792391547,1.0
567,1.0257417825138195,-0.6914409983896791,0.009762466853919615,0.0,0.0
568,-0.01874535749593857,0.6893254216480488,1.8252305563707185,0.26092053141717414,0.0
569,0.42682351067457575,0.11400607996566212,0.9174629661574628,1.5944837892389245,0.0
570,-0.952662970396914,0.45919768497509406,-2.0153662064200106,-1.2881175966650094,1.0
571,0.5242299988418376,0.0,0.8521939473720341,1.4494846776493073,0.0
572,0.5268626066301415,-0.11612165670729253,0.6374881272046076,1.6616262349996338,0.0
573,0.6446718051567625,-1.4968880767450203,-1.1081137253024287,-0.5095509383759319,1.0
574,-1.193546583026764,1.0345170266574808,-0.43969370093903376,-1.4664498373556882,1.0
575,-1.0487531546700235,2.0700918416857768,-0.13502493448508018,-1.0783569771076156,1.0
576,-1.8260306041668888,0.34413381663861675,-0.3918981368606545,-0.8795486713977136,1.0
577,0.0,-0.001057788370815211,0.6257651089143749,1.2687714991656955,1.0
578,0.13789480590817113,-1.4968880767450203,0.703261073267424,0.6782989265183219,0.0
579,0.21818934345145433,0.22906994830213945,1.40775215250986,1.2252003375550227,0.0
580,0.28663714594736833,1.149580894993958,-1.3846863096783653,0.0,1.0
581,0.0,-0.001057788370815211,-1.9921915152965992,-1.419783456614202,1.0
582,-1.629243171991137,-1.0366326033991111,-0.5144486289030976,-0.43264664766419686,1.0
583,0.2504387888581825,-0.3462493933802472,1.0025573487626018,-1.063595162791431,1.0
584,-0.5683022333044763,-1.2667603400720657,0.8520426200979074,-0.3690756085928872,1.0
585,0.0,1.149580894993958,-0.9863757787220456,1.7818635935427485,0.0
586,0.8881880255749168,0.22906994830213945,0.21207883236131359,1.7218639611608377,0.0
587,-1.3798035840492981,1.0345170266574808,-1.4398588920067856,-1.2081180868224624,1.0
588,0.8236891347614596,-0.4613132617167245,0.5808902357720972,1.3892469514881034,0.0
589,-1.6410899070385068,-0.9215687350626338,-0.2854174086031888,-0.44074183616016904,1.0
590,0.12999698254325773,-1.2667603400720657,0.2867815785067132,0.0,1.0
591,-0.4998544308085623,0.6893254216480488,0.20418223228828547,-1.6450201718256603,1.0
592,0.5498979247778053,-1.2667603400720657,0.7179636734033945,0.746869934954791,0.0
593,1.1369694615696788,-1.381824208408543,-0.34753613645039294,0.3385391034667884,0.0
594,-0.9842542638565662,0.22906994830213945,0.9527885664841558,-1.0597856623227384,1.0
595,-1.3705894567902328,-0.001057788370815211,1.0334944581396182,-0.5424078799184067,1.0
596,0.8197402230790028,-1.0366326033991111,0.06717439465759509,1.2292479318030085,0.0
597,0.6611256038336648,0.11400607996566212,0.7286892735025852,1.5878171634187122,0.0
598,1.233059645842789,-0.001057788370815211,0.9456955664185598,0.5906804157383889,0.0
599,-1.722042596528866,1.3797086316669127,0.20702092322362883,1.0085349983981235,1.0
600,1.2639927873553651,1.3797086316669127,-0.6061641388421958,0.0,1.0
601,-0.8335374679761411,1.6098363683398673,-1.0490834156656046,-1.4638308057834621,1.0
602,0.46302186776376064,0.45919768497509406,-2.4446630467538024,-1.0540714116196999,1.0
603,0.892795089204449,-1.381824208408543,0.29225097855729465,0.4052053616689115,0.0
604,-0.9618770976559794,-0.11612165670729253,0.5968213450103378,-1.2364512465583646,1.0
605,-0.008214926342721314,1.7249002366763446,-2.2873072816622058,-0.9857384969625238,1.0
606,0.3096724640950312,-1.1516964717355884,0.9951065305118783,0.5735376636292716,0.0
607,0.0,-0.6914409983896791,0.8396330381649612,1.4366276135674694,0.0
608,-0.1799925845295814,0.45919768497509406,0.6331592726191196,-1.5114495616421213,1.0
609,1.2830791938205723,-0.6914409983896791,0.14790488631328455,-0.4624083700758589,1.0
610,-2.098505510256391,0.11400607996566212,-0.24662991733538955,0.0302076592819704,1.0
611,-1.664783377133246,-0.5763771300532018,-0.3793431912900005,-0.7514542181379206,1.0
612,0.6841609219813276,-0.5763771300532018,-1.6025357116930459,1.571626786426768,0.0
613,0.7512924205830888,-0.5763771300532018,0.8076977651423501,1.1711530496554443,0.0
614,0.19515402530379147,-0.5763771300532018,0.8331923108326702,1.4961510583907935,0.0
615,-1.6312176278323653,1.9550279733492992,-0.2636546084019259,-0.4281228658576243,1.0
616,-0.7960228069928038,0.5742615533115714,-1.0391904883013872,-1.6764485506923752,1.0
617,0.23793390186373692,0.22906994830213945,0.47919159846794745,1.9049580774373822,0.0
618,0.0,0.34413381663861675,-0.25394208103937665,-0.6802641781292248,1.0
619,0.0,-1.381824208408543,0.18775986850004744,0.9523448664849054,0.0
620,1.1159085992632445,-1.381824208408543,-0.17472486212495442,0.2459206233216966,0.0
621,0.0,-0.5763771300532018,-0.2102942260902646,0.726631963714861,0.0
622,-0.3004343908445067,2.7604750517046406,-0.6530823029124605,-0.6716928020746665,1.0
623,1.5252791103445738,-0.11612165670729253,-0.4533444647016399,-0.7262162775328311,0.0
624,0.8802902022100034,-1.0366326033991111,0.7624352556328514,0.29806316098692837,0.0
625,0.20502630450993228,-1.4968880767450203,0.0001528122195948573,-0.7845492534596883,1.0
626,1.3804856819878333,-1.0366326033991111,-0.20412558966958044,0.0,0.0
627,-1.5555301539186148,1.49477250000339,0.33161097892129765,-0.68859746040449,1.0
628,-0.7407380434384123,0.34413381663861675,-0.5729228294438697,-1.707638835779797,1.0
629,0.6018919285968161,-1.1516964717355884,0.030642648865202134,1.3428186645259108,0.0
630,-0.0898257677801569,-0.8065048667261565,0.8575828383309623,1.3571042912835085,0.0
631,1.302823752232855,-0.001057788370815211,-0.5837550295440462,1.4773416498266232,0.0
632,0.3511360367608247,-0.5763771300532018,1.1845034231725187,1.076867913055299,0.0
633,-1.619370892784996,0.11400607996566212,0.026752867011047423,-1.0181192509464116,1.0
634,-0.3846778400702461,2.185155710022254,0.09263763125671613,-1.1538327051435908,1.0
635,-1.9109322053397046,1.7249002366763446,-0.7065090306792802,0.36472941918905083,0.0
636,-0.3576936102401265,1.49477250000339,-0.6015050478900174,-1.6407344837983808,1.0
637,1.7312806697793905,0.45919768497509406,0.037249612562667594,0.4375861156527994,0.0
638,-0.24712408313134301,0.5742615533115714,1.5509271356521301,-0.7271686526500041,1.0
639,0.0,-1.4968880767450203,-1.0924271251573583,1.1009153847639224,0.0
640,-0.010847534131026095,1.0345170266574808,-2.937218414945339,-0.4988367183077332,1.0
641,1.0856336096977446,-0.9215687350626338,-1.6221687482382496,0.9516305851470255,0.0
642,0.7420782933240235,-0.001057788370815211,0.9715911666580427,1.3287711315476063,0.0
643,0.7322060141178827,-1.6119519450814976,-1.2353926355704181,0.06901694530677753,0.0
644,0.8921369372573726,1.149580894993958,-0.13527466176011738,1.7554351840411924,0.0
645,-1.2277704842747206,-0.9215687350626338,-1.1387586164949246,-0.994786060575669,1.0
646,-1.3468959866954935,0.5742615533115714,-0.8657657048793657,-1.4076406738702443,1.0
647,-1.208684077809514,-0.9215687350626338,-0.0803279521610585,-1.013119281581253,1.0
648,0.08195189040670364,-1.0366326033991111,1.2584644420383317,0.0,0.0
649,1.2843954977147243,-0.8065048667261565,-0.5859861750192255,1.0980582594124026,0.0
650,0.0,0.22906994830213945,1.0344687672395383,0.0,0.0
651,1.0830010019094398,-0.3462493933802472,0.7593632374226231,1.014249249101162,0.0
652,1.3469199326869532,-0.4613132617167245,0.03162515796519753,1.055201379139609,0.0
653,0.0,1.149580894993958,-0.6336281754598205,1.2763905001030815,0.0
654,0.7664299153658392,-1.1516964717355884,0.2847755603063436,1.0582965982704218,0.0
655,-0.7868086797337385,0.8043892899845261,-1.975811642417845,-1.3676409189489704,1.0
656,1.3456036287928004,-0.5763771300532018,0.5099102896611263,0.07354072711335011,0.0
657,0.652569628521675,1.149580894993958,-1.2741093086557445,1.8644821349575222,0.0
658,1.1948868329123756,0.34413381663861675,1.103697640607042,0.5128237499094809,0.0
659,0.7651136114716872,-1.1516964717355884,0.3962232522461074,1.0335348452239193,0.0
660,-1.4976127825759187,1.49477250000339,0.9186236388954699,0.05615988122493974,1.0
661,-1.2185563570156552,-1.1516964717355884,-0.3686026820997626,0.0,1.0
662,-1.0882422714945892,1.6098363683398673,-0.851781722931859,-1.3643076060388641,1.0
663,0.0,2.185155710022254,-1.998813388085111,-0.6900260230802499,1.0
664,1.0908988252743532,-0.3462493933802472,0.8507157109947268,0.0,0.0
665,-0.4439115153070948,-0.4613132617167245,-2.9162853056608395,0.3759198268158357,1.0
666,0.6716560349868821,-0.8065048667261565,0.6683119274896678,1.2049623663150928,0.0
667,0.9750640825889606,-0.5763771300532018,0.24917786906804326,1.3385329764986313,0.0
668,-0.8052369342518692,-0.5763771300532018,-1.6290276755744082,1.6811499249016846,1.0
669,-0.17209476116466846,-0.3462493933802472,0.8125216015505969,-1.2693081881008392,1.0
670,0.8618619476918727,-1.1516964717355884,0.6849609094618199,0.5187760943918133,0.0
671,0.0,2.8755389200411177,0.2956636694979462,0.10663576243511791,1.0
672,1.606889951782009,-0.3462493933802472,-0.8141675771294568,0.7328224019764865,0.0
673,0.0,2.185155710022254,0.4449334890602181,-0.6621690509029345,1.0
674,0.8322451100734485,-0.9215687350626338,0.7916913649943221,0.7294890890663801,0.0
675,1.17053521087056,0.22906994830213945,0.7824872376364747,1.0828202575376313,0.0
676,-1.6739975043923114,-0.8065048667261565,-0.18919338953148698,-0.42764667829903813,1.0
677,-1.1560319220434268,0.22906994830213945,1.1616082775062389,-0.7131211196716996,1.0
678,1.5173812869796603,-0.23118552504376985,-0.23733260815849902,-0.636693016518552,0.0
679,0.05101874889412644,1.149580894993958,-2.354835027741251,-1.164070737653202,1.0
680,0.0,-1.1516964717355884,0.5761916357286444,0.4990143107104701,0.0
681,-1.3587427217428631,-0.9215687350626338,-0.45713733746398966,-0.8997866426376436,1.0
682,-1.3969155346732764,-0.001057788370815211,-0.3002892269225422,-1.2988318167332078,1.0
683,0.7920978413018068,-0.9215687350626338,0.9684080757195146,0.0,0.0
684,-1.4962964786817663,-0.23118552504376985,-0.8765658504337911,-1.1476422668819646,1.0
685,0.7552413322655455,-1.0366326033991111,0.3788891975403469,1.1175819493144528,0.0
686,0.623610942850327,0.11400607996566212,0.7589450374187555,0.0,0.0
687,0.5577957481427178,-0.9215687350626338,0.9170127116078447,0.8687739499529588,0.0
688,0.6440136532096861,-0.001057788370815211,1.1704612957699296,1.2087718667837855,0.0
689,0.8361940217559052,-0.9215687350626338,0.4471117072621801,1.0854392891098579,0.0
690,1.4719688026314102,-0.3462493933802472,0.43280568894805954,0.41425292528205665,0.0
691,1.4719688026314102,0.11400607996566212,-0.3196747725563662,1.2428192772227262,0.0
692,0.09643123324237761,1.2646447633304354,-3.01550828839664,-0.016934909018102632,1.0
693,0.023376367116931383,-0.8065048667261565,-1.0186010335655207,-1.4869259023749117,1.0
694,0.22740347071051967,0.0,1.6012482997538666,0.45496696154121047,0.0
695,0.5722750909783918,0.22906994830213945,0.9044197478550213,1.5351984381948935,0.0
696,-1.685186087492605,0.0,-0.18031353490391097,-0.15955308281478645,0.0
697,0.0,-1.2667603400720657,0.014581830534853039,0.0,0.0
698,1.445642724748367,-0.9215687350626338,-0.47116157395732255,0.2418730290737102,0.0
699,0.5979430169143594,-0.8065048667261565,0.6045442541726685,1.282342844585414,0.0
700,-0.40771315821790943,-1.9571435500909298,-0.7834660313909823,0.43282424006693376,0.0
701,0.0,2.0700918416857768,0.19888652314840136,-1.1304995147728474,1.0
702,1.4792084740492473,-0.6914409983896791,-0.23675562633498085,0.5837756961388835,1.0
703,0.8460663009620469,-0.9215687350626338,0.8348092017567144,0.6728227695945758,0.0
704,0.7387875335886432,0.45919768497509406,1.3548032611110958,0.9475829908990397,0.0
705,0.9243863826641018,-1.1516964717355884,0.11881054058967383,0.9025832666126065,0.0
706,0.43011427040995603,-1.4968880767450203,-1.7836908588229219,0.0,1.0
707,1.1257808784693861,0.5742615533115714,0.8776855112441453,1.0885345082406706,0.0
708,-1.1784090882440137,1.3797086316669127,1.3085664425016776,-0.0707441031383873,1.0
709,0.8559385801681877,2.4152834466952084,-0.8417016864750025,-0.638359672973605,1.0
710,-1.2738411205700473,0.8043892899845261,-0.48800810138584705,-1.4400214278541326,1.0
711,0.33994745366053103,-0.5763771300532018,1.3726703158217852,0.81686950606702,0.0
712,1.4844736896258557,-0.11612165670729253,0.23215690527426946,-0.5109795010516918,0.0
713,-1.0118966456337621,1.9550279733492992,-0.7107722852641617,-1.232165558531085,1.0
714,0.4261653587274993,-1.7270158134179752,-0.36171542749061447,0.8637739805877993,0.0
715,-1.0270341404165126,0.22906994830213945,0.447608925448597,-1.3493076979433867,1.0
716,-1.6345083875677457,-0.11612165670729253,-0.08208275217728703,-0.9816909027145374,1.0
717,1.330466134010051,-0.8065048667261565,0.3576422518893084,0.3035393179106739,0.0
718,0.2734741070058463,1.7249002366763446,1.4628255893828184,0.14520695468063197,0.0
719,0.18396544220349778,1.0345170266574808,0.2741550692990338,-1.5728777566997916,1.0
720,0.7183848232292842,-0.23118552504376985,0.530003271665129,1.578769599805567,0.0
721,-1.4298231320270811,-0.001057788370815211,0.41618876152165796,-1.002881249071641,1.0
722,-1.6667578329744743,0.8043892899845261,0.7883964558729418,-0.38740882959847117,1.0
723,-1.0908748792828935,0.45919768497509406,1.407635116145142,0.8232980381079393,0.0
724,0.7874907776722746,-1.2667603400720657,-0.3378131727241109,1.2147242112661178,0.0
725,0.9178048631933403,-1.0366326033991111,-0.2676591902571423,1.3094855354248494,0.0
726,0.17606761883858438,-1.381824208408543,0.41104736147411053,1.0785345695103525,0.0
727,0.0,-0.6914409983896791,0.16369883191389328,1.2418669021055533,0.0
728,0.0,-0.23118552504376985,-0.1638076802058097,-0.20288615064616683,1.0
729,0.9744059306418842,-0.9215687350626338,0.11704083148239801,1.133772326306397,0.0
730,0.048386141105822594,-1.9571435500909298,-0.2944940632325848,0.24806346733533566,0.0
731,-0.19249747152402746,-0.11612165670729253,0.8669345656901746,1.6773404244329913,0.0
732,1.2087080238009733,0.5742615533115714,1.1319772045049363,0.36187229383753117,0.0
733,-1.3613753295311675,0.5742615533115714,-0.8862403596141704,-1.3931169533333532,1.0
734,-0.5413180034743562,-1.1516964717355884,0.1070174495715196,-1.1374042343723534,1.0
735,1.2580694198316802,-0.8065048667261565,-0.13242404355193615,0.0,0.0
736,0.9875689695834062,-0.9215687350626338,0.1625023773573742,1.1935338649090141,0.0
737,0.42353275093919546,1.839964105012822,-1.0047773243467693,-1.360974293128758,1.0
738,-1.1560319220434268,0.8043892899845261,1.3819303522710589,0.7409175904724586,1.0
739,1.1567140199819625,-0.6914409983896791,0.6458856727368141,0.659251424174858,0.0
740,-1.3929666229908197,0.22906994830213945,0.5037125805129006,0.0,1.0
741,0.40181373668568454,-0.9215687350626338,1.2469598419319368,0.26663478212021274,0.0
742,0.46762893139329376,-0.8065048667261565,1.2824770240785839,0.0,0.0
743,-0.17604367284712516,0.11400607996566212,-0.3226625544021793,-1.7593051858864424,1.0
744,0.16816979547367097,-0.8065048667261565,-0.5583141565814953,-1.4538308670531437,1.0
745,-0.44786042698955103,1.6098363683398673,0.5565638173653071,-1.3135936310493923,1.0
746,0.13197143838448608,-0.8065048667261565,0.3491082881740227,1.6371025757324242,1.0
747,-1.030983052098969,-0.4613132617167245,-1.0363927973664233,0.0,1.0
748,-1.2955601348235581,2.530347315031686,-1.133111052806332,0.3794912335052353,1.0
749,0.0,0.6893254216480488,1.6388229364649949,-0.3745517655166327,0.0
750,-0.19578823125940775,2.645411183368163,0.2144784505653237,-0.6624071446822276,1.0
751,0.8526478204328074,-0.5763771300532018,0.3017532877360816,1.4497227714286003,0.0
752,0.38272733022047745,-0.9215687350626338,1.2788034240446091,0.2468729984388696,0.0
753,1.1797493381296253,-0.5763771300532018,0.7979934377798763,0.0016364057667744803,0.0
754,0.7947304490901116,0.0,1.3379984791375021,0.7818697205109055,0.0
755,0.01811115154032182,-0.23118552504376985,1.4120332980039982,1.1375818267750897,0.0
756,-0.517624533379617,0.11400607996566212,0.21526043239073717,-1.6178774809862244,1.0
757,-1.0487531546700235,-0.11612165670729253,0.5563849082727433,-1.223356088697233,1.0
758,-1.8582800495736171,-0.8065048667261565,-0.9066002143479139,0.38425310909110094,0.0
759,1.3778530741995294,-0.4613132617167245,-0.8364835046085628,-0.7619303444268255,1.0
760,0.7249663427000457,0.45919768497509406,1.2044346415386624,1.1771053941377767,0.0
761,0.5360767338892068,-0.5763771300532018,1.4282678072450445,0.26401575054798687,0.0
762,-0.7348146759147273,2.0700918416857768,-0.3478499728169316,-1.2728795947902385,1.0
763,-0.8190581251404672,-1.2667603400720657,-1.6181000572915312,-0.7652636573369314,1.0
764,-0.7868086797337385,1.7249002366763446,-1.2194741990595679,-1.3852598586166744,1.0
765,-0.8697358250653265,-0.3462493933802472,-0.3859382277146281,-1.5200209376966798,1.0
766,-1.479184528057788,-0.8065048667261565,0.6628052547114689,0.17473058331300087,1.0
767,-0.6420152513769984,0.6893254216480488,-0.8288165045376575,-1.7331148701641799,1.0
768,0.24912248496403058,0.5742615533115714,-3.056624579685976,-0.1955052434880746,1.0
769,1.3653481872050839,-1.0366326033991111,-0.4650786648101585,-0.10288676334298212,0.0
770,0.4176093834155104,-0.6914409983896791,1.1001649314834623,1.0730584125866063,0.0
771,-0.027301332807928406,-1.9571435500909298,-0.184119825848203,0.017112501420838852,0.0
772,1.5831964816872697,0.45919768497509406,0.2507053054458058,0.8144885682740872,0.0
773,0.13131328643741058,2.7604750517046406,0.415664706971357,0.4416337099007858,1.0
774,-2.11890822061575,1.0345170266574808,-0.506458847011026,0.13615939106748684,1.0
775,-1.3765128243139173,2.0700918416857768,-1.7500969494213348,-0.3071712259766303,1.0
776,-0.5485576748921932,-1.1516964717355884,0.833983238112712,-0.6695499580610268,1.0
777,0.48605718591142444,-0.6914409983896791,1.0762902585353953,0.0,0.0
778,-0.7979972628340322,0.9194531583210034,-2.9985536700580244,0.274015689278305,1.0
779,1.0369303656141131,-0.11612165670729253,0.9703507302829347,0.956154366953598,0.0
780,0.20107739282747558,0.5742615533115714,1.753382901160814,0.5463949727898355,0.0
781,0.7078543920760669,-0.001057788370815211,-1.714640894547981,-1.3343077898479092,1.0
782,1.0310069980904282,-0.8065048667261565,0.1423296317162703,1.2149623050454108,0.0
783,1.1777748822883969,-0.8065048667261565,0.4592961619203173,-0.29383797433620573,0.0
784,-1.9471305624288897,0.34413381663861675,-0.19828346234282526,-0.6131217323685155,1.0
785,-1.870784936568063,0.45919768497509406,-0.5710972112451678,-0.8385965413592668,1.0
786,0.610447903908805,-1.6119519450814976,-0.3018912087555396,-0.3409805426362781,0.0
787,-0.3182044934155609,-0.3462493933802472,1.6507054820294302,0.42639570802601456,1.0
788,1.3706134027816925,-0.8065048667261565,0.15150319543747126,0.3792531397259422,0.0
789,0.0,-0.3462493933802472,-0.4804864649526507,-1.0374048470691688,1.0
790,-1.8306376677964216,-0.5763771300532018,-1.1515416711585977,-0.28288566048871394,0.0
791,-1.928702307910759,1.2646447633304354,-1.350448327543549,-0.231219310382069,0.0
792,-0.5419761554214322,-1.1516964717355884,1.0274935489932124,0.5885375717247492,0.0
793,-1.8543311378911609,-0.4613132617167245,-0.28924159045673703,-0.4121705826449738,1.0
794,-1.016503709263295,1.49477250000339,-0.7973285042464556,-1.4259738948758278,1.0
795,0.713777759599752,-0.8065048667261565,1.0971741678194402,0.5968708540000144,0.0
796,0.9493961566529929,-1.0366326033991111,0.6283570543928905,0.4533003050861569,0.0
797,0.8065771841374808,-0.23118552504376985,0.8018377469063382,1.3411520080708579,0.0
798,0.13394589422571443,1.149580894993958,1.7049850098041368,0.3909197349113132,0.0
799,0.7506342686360133,-1.381824208408543,-0.5770869385732887,1.1680578305246316,0.0
800,-0.5367109398448235,-0.8065048667261565,0.07341906744261857,-1.345498197474694,1.0
801,-0.7545592343270103,-0.23118552504376985,-0.7994903224482665,-1.6219250752342105,1.0
802,-0.932260260037555,1.6098363683398673,-2.1791753715712883,-0.8933581105967251,1.0
803,-1.5107758215174403,1.49477250000339,-1.2967099997738476,-0.9626434003710741,1.0
804,-0.7157282694495206,0.5742615533115714,-2.181267862499731,-1.2926413784715822,1.0
805,1.2567531159375283,-0.9215687350626338,0.3867701430677752,0.026874346371863905,0.0
806,-0.6235869968588678,0.8043892899845261,0.9454093118704583,-1.2404988408063502,1.0
807,-0.7617989057448473,0.9194531583210034,-0.7971011406079891,0.0,1.0
808,-1.4238997645033964,-0.11612165670729253,-2.208668535480406,-0.5628839449376297,1.0
809,0.17870022662688917,0.8043892899845261,-2.3151872819200414,-1.2512130608745486,1.0
810,-1.4238997645033964,-0.8065048667261565,-0.32304273622387697,-0.874072514473968,1.0
811,0.9934923371070913,-0.6914409983896791,-0.34618462734698524,1.4673417110963045,0.0
812,1.2804465860322676,-0.4613132617167245,0.6661754547426366,-0.21074324536284522,0.0
813,0.6176875753266429,-0.9215687350626338,1.1088025133815245,0.5742519449671515,0.0
814,1.3811438339349098,-0.23118552504376985,-0.36984610029307996,1.26258106090407,0.0
815,1.0639145954442326,0.34413381663861675,0.9591726392704686,1.0773441006138857,0.0
816,-1.8352447314259541,1.3797086316669127,-0.026448733480963254,-0.47764637195063014,1.0
817,-0.6795299123603358,-1.4968880767450203,-0.6127569389031664,-0.9102627689265487,1.0
818,0.0,-0.23118552504376985,0.9267856207891345,0.788774440110411,0.0
819,0.9744059306418842,0.34413381663861675,1.371060879443265,0.34472954172841386,0.0
820,-0.4794517204492037,0.22906994830213945,-0.5455027746448332,-1.7628765925758418,1.0
821,1.1521069563524293,-0.5763771300532018,0.12939823159668007,1.2490097154843522,0.0
822,0.5538468364602611,-0.6914409983896791,-0.29718515416656294,1.7344829314633825,1.0
823,0.9408401813410041,-0.4613132617167245,1.079556094929235,0.7135368058537295,0.0
824,0.24188281354619362,-0.9215687350626338,0.8970308023321418,1.116391480417986,0.0
825,1.2435900769960062,0.0,1.0225400034928565,0.30520597436572683,0.0
826,1.2297688861074088,-0.5763771300532018,0.32360106975631225,1.0230587189350142,0.0
827,-1.402180750249885,1.0345170266574808,-0.5241797926294556,-1.3114507870357526,1.0
828,0.12473176696664909,-0.11612165670729253,-0.46524415572078,-1.701924585076758,1.0
829,-1.0750792325530671,1.49477250000339,0.464420416513161,-1.1278804832006215,1.0
830,-1.4666796410633423,-0.6914409983896791,-0.01821071522295938,0.0,1.0
831,-1.4456187787569075,0.0,-0.05033831552007648,-1.1278804832006215,1.0
832,-1.5357855955063318,0.6893254216480488,-0.21041200790953582,-1.2088323681603423,0.0
833,-1.237642763480862,-0.3462493933802472,-0.2860204813360391,0.0,1.0
834,0.0,-1.0366326033991111,0.8842335840319746,0.0,0.0
835,-0.11088663008659187,-0.23118552504376985,0.6044055996259317,1.7901968758180138,0.0
836,-1.0257178365223603,1.149580894993958,-0.43188655541228727,-1.5274018448547722,1.0
837,-0.5939701592404435,1.49477250000339,0.07022479468580518,-1.4862116210370317,1.0
838,-1.360059025637015,0.45919768497509406,-1.5951355843518822,-1.2207370571250071,1.0
839,-0.4590490100898447,1.149580894993958,-0.4571604465551123,-1.718829243406582,1.0
840,0.5044854404295541,0.45919768497509406,0.12548384974229773,-1.5766872571684842,1.0
841,-0.19183931957695105,1.0345170266574808,-1.247824581139935,-1.7040674290903974,1.0
842,0.0,-1.4968880767450203,-0.06662798839799709,0.46520499405082166,0.0
843,0.6459881090509144,0.22906994830213945,1.1968436778320972,1.2268669940100756,0.0
844,1.6049154959407814,0.11400607996566212,-0.6408538664357349,1.0537728164638493,0.0
845,-1.3580845697957873,0.6893254216480488,0.4987784168309054,-1.103118730154119,1.0
846,-0.5959446150816718,0.11400607996566212,-2.1520579713205055,-1.3193078817524313,1.0
847,1.5812220258460412,-0.001057788370815211,0.27125226927218843,-0.2536001256356388,0.0
848,0.36824798738480347,-0.4613132617167245,-0.5697218475960849,1.9468625825930022,0.0
849,-0.37809632059948556,1.839964105012822,-0.36630370026031994,-1.4595451177561827,1.0
850,0.907274432040123,-0.3462493933802472,-0.2405894990977094,1.6751975804193522,0.0
851,-1.9537120818996507,-0.11612165670729253,-0.5487812837660618,-0.5171699393133172,1.0
852,-0.28990395969128896,1.0345170266574808,-1.1936650715481567,-1.7024007726353445,1.0
853,1.1034037122687987,-1.1516964717355884,-0.27110989937996327,0.8082981300124611,0.0
854,0.0,-0.23118552504376985,-1.4339198555882249,1.8051967839134913,1.0
855,-0.9164646133077291,-1.381824208408543,0.5918536358734872,0.25377771803837496,1.0
856,1.185014553706234,-0.6914409983896791,0.2815335784581794,0.0,0.0
857,0.9026673684105908,-1.2667603400720657,0.3060925786853024,0.6180612003571181,0.0
858,-1.7865414873423233,1.7249002366763446,-0.3386592636410264,-0.439551367263703,1.0
859,1.2093661757480496,0.8043892899845261,-0.05577640647945941,1.53924603244288,0.0
860,1.7490507723504456,1.0345170266574808,-0.22956348081392244,0.06901694530677753,0.0
861,0.0,-0.8065048667261565,1.1423941864194551,0.9602019612015844,0.0
862,0.0,-1.2667603400720657,-0.19261204410855745,-0.33574247949182556,0.0
863,0.0,0.34413381663861675,0.836199474496844,1.470198836447824,0.0
864,0.6097897519617295,1.6098363683398673,0.44270532540324836,0.0,0.0
865,0.0,-0.3462493933802472,-1.1000061615910859,-0.8938342981553112,1.0
866,1.4337959897009969,-0.4613132617167245,0.38404103395162714,0.3852054842082746,0.0
867,0.0,0.45919768497509406,-0.674943503114634,0.8749643882145842,0.0
868,0.0,-1.2667603400720657,0.6284427816664107,1.095439227840176,0.0
869,1.1593466277702662,-0.001057788370815211,0.8112640197207853,1.0078207170602436,0.0
870,-1.2488313465811556,-1.0366326033991111,0.7015323641605281,-0.20264805686687307,1.0
871,0.789465233513503,-1.0366326033991111,0.050476212684987774,1.3378186951607516,0.0
872,0.3458708211842161,-0.3462493933802472,1.5327030082108652,0.5640139124575396,0.0
873,0.4867153378584999,-0.4613132617167245,0.4523105073102592,1.680197549784511,0.0
874,0.8263217425497634,-0.23118552504376985,1.2919152241658687,-0.29740938102560527,0.0
875,-1.609498613578854,-0.8065048667261565,-1.6735492032588726,-0.142886518264256,1.0
876,0.17080240326197574,0.9194531583210034,-0.2790042630893344,-1.7276387132404338,0.0
877,0.2557040044347921,-0.23118552504376985,1.6564313184460193,0.17330202063724107,0.0
878,1.1159085992632445,0.8043892899845261,-0.1848168258546488,1.659483390985994,0.0
879,0.08129373845962722,-1.6119519450814976,0.32967503344884835,0.0,0.0
880,-1.1224661727425458,-0.3462493933802472,-2.4260043193085186,-0.5909790108942389,1.0
881,0.9467635488646892,-0.5763771300532018,0.25673379641064814,1.362104260648668,0.0
882,1.4489334844837474,-0.8065048667261565,-0.3115448452084532,0.4730620887675007,0.0
883,-1.5311785318767992,0.6893254216480488,0.937418039069281,-0.4985986245284401,1.0
884,0.4031300405798364,0.34413381663861675,0.8589716201619869,1.668054767040553,0.0
885,-1.1816998479793939,1.0345170266574808,-1.498090074363492,-1.3459743850332806,1.0
886,-1.342288923065961,1.9550279733492992,-0.8890455050946583,-0.923834114346267,1.0
887,-0.8309048601878368,0.9194531583210034,0.19342308673423883,-1.5328780017785177,1.0
888,1.0961640408509619,-0.5763771300532018,0.8220358380022217,0.6211564194879308,0.0
889,-0.7051978382963034,-0.001057788370815211,-0.1481262982426058,-1.6364487957711016,1.0
890,0.7802511062544376,-0.5763771300532018,0.456031816435583,1.3971040462047823,0.0
891,-0.6847951279369444,-1.8420796817544525,-0.18165088037082444,-0.18693386743351562,1.0
892,-1.7806181198186382,0.45919768497509406,0.8031147105545116,0.26663478212021274,1.0
893,0.3333659341897705,-1.2667603400720657,-0.3349744817887675,1.4668655235377184,0.0
894,1.35415960410479,-0.001057788370815211,0.8395748927098781,0.3525866364450929,0.0
895,1.065889051285461,-1.1516964717355884,-1.4520053284827528,0.6613942681884978,0.0
896,0.9243863826641018,-0.4613132617167245,0.5539137264317083,1.322342599506687,0.0
897,0.8269798944968398,0.5742615533115714,-0.40276313696113447,-1.5228780630481993,1.0
898,-0.6143728695998025,0.11400607996566212,-0.9632100330532621,-1.705972179324744,1.0
899,0.0,1.0345170266574808,-0.656179666577469,-0.6674071140473871,1.0
900,-0.9223879808314137,1.7249002366763446,-0.3759327367130059,0.0,1.0
901,-1.6009426382668652,0.22906994830213945,-2.305025245462426,0.5749662263050315,1.0
902,-1.2619943855226776,0.8043892899845261,-0.10079962507765432,-1.3921645782161798,1.0
903,1.3140123353331485,-0.6914409983896791,0.4501896891088273,0.0,0.0
904,1.0428537331377983,-1.1516964717355884,-0.5982906478602903,0.996154121874872,0.0
905,0.7335223180120346,-1.0366326033991111,-0.14592198913131116,1.362104260648668,0.0
906,-1.828663211955193,1.6098363683398673,-0.46023321021989305,0.8632977930292125,0.0
907,1.473285106525563,-0.5763771300532018,0.24509501448483056,0.32972963363293634,0.0
908,-0.5189408372737694,1.6098363683398673,-2.4769054470519816,-0.7931206295142473,1.0
909,0.6874516817167079,-1.381824208408543,-0.20478308058475184,1.1128200737285872,0.0
910,-1.444960626809831,1.839964105012822,-2.081810807034493,0.05830272523857881,1.0
911,0.18199098636226943,1.2646447633304354,-0.3258896271592962,-1.661210548817604,1.0
912,-1.963584361105792,0.6893254216480488,-1.3482656366142725,-0.4585988696071662,1.0
913,1.4917133610436928,0.11400607996566212,0.4479510890881247,0.7573460612436961,0.0
914,-1.5094595176232883,0.34413381663861675,-0.14597715276818535,-1.2174037442149006,1.0
915,-2.0241343402367926,-0.23118552504376985,-1.1045519434513076,0.0,1.0
916,-0.6472804669536071,0.6893254216480488,0.32947450617426643,-1.5714491940240318,1.0
917,1.4706524987372582,-0.5763771300532018,0.24117019626671538,0.46782402562304826,0.0
918,0.9210956229287215,0.0,0.9932794214040713,0.8461550409200952,0.0
919,0.050360596947050945,-1.2667603400720657,1.0918188223153686,0.035683816205715965,0.0
920,1.0698379629679178,-0.23118552504376985,-0.0711618429853809,1.5654363481651425,0.0
921,0.0,0.11400607996566212,0.2091767777890207,-1.6007347288771072,1.0
922,0.0,1.49477250000339,-0.12398698892845535,-1.2045466801330627,1.0
923,-1.1711694168261768,2.3002195783587314,-0.33609191816273837,-0.7195496517126188,1.0
924,-0.3392653557219959,1.7249002366763446,1.2266916781081323,-0.6340739849463255,1.0
925,-1.8964528625040307,1.0345170266574808,-0.8765144140696794,-0.6895498355216637,0.0
926,0.5104088079532392,-1.6119519450814976,0.29467892403429385,0.5378235967352772,0.0
927,1.7345714295147716,0.22906994830213945,-1.3541897639417866,0.1244927958821151,0.0
928,1.0356140617199612,-0.8065048667261565,0.8457256382213066,0.18782574117413176,0.0
929,1.1646118433468748,1.0345170266574808,-1.219161108147581,-1.1645469252117888,1.0
930,1.0625982915500807,-0.001057788370815211,0.4325872707642214,1.43305620687807,0.0
931,-0.19973714294186445,-0.23118552504376985,-1.5987092934758407,-1.549068378770462,1.0
932,-0.09838174309214627,0.22906994830213945,0.60168170869165,-1.5133543118764676,1.0
933,-1.8470914664733238,-0.23118552504376985,-0.6159437571144565,-0.7133592134509933,0.0
934,0.8960858489398293,-0.3462493933802472,0.02748266701779671,1.630435949912212,0.0
935,1.2626764834612132,-0.001057788370815211,0.9918951123003606,0.3540151991208528,0.0
936,-0.10627956645705922,1.0345170266574808,-1.1769616713936828,-1.7102578673520232,1.0
937,-0.9342347158787834,1.3797086316669127,0.8167729288626416,-1.0495476298131272,1.0
938,-2.11890822061575,0.22906994830213945,-1.1063141980130593,0.0,1.0
939,-0.260945274019941,-1.9571435500909298,-1.0824872341563427,0.13592129728819374,0.0
940,-1.321228060759526,1.149580894993958,-1.0832550523452618,-1.3307363831585095,1.0
941,0.9191211670874931,0.0,0.8930746750228287,-0.421456240037412,1.0
942,0.9684825631182,0.34413381663861675,-1.4952133652459787,-1.3009746607468475,1.0
943,-1.6779464160747681,-0.4613132617167245,-0.49683055601289244,0.0,1.0
944,-0.00031710297780790527,-0.6914409983896791,-0.9503360329342031,-1.5162114372279871,1.0
945,1.6457209166594986,-0.001057788370815211,0.17372295927932419,0.440205147225026,0.0
946,0.5281789105242934,-0.23118552504376985,1.5482956810823405,0.28734894091872965,0.0
947,-1.720726292634714,-0.5763771300532018,-0.23759798997913492,-0.5947885113629314,1.0
948,-0.3807289283877899,-0.6914409983896791,1.510735208007707,-0.023839628617608025,1.0
949,0.9322842060290142,1.6098363683398673,1.108377604286686,0.3190154135647383,1.0
950,-0.05296925874389558,0.8043892899845261,1.327089497218434,0.0,1.0
951,-1.5430252669241689,-1.0366326033991111,-1.1783064714061198,-0.41169439508638694,1.0
952,-0.13194749239302686,-0.001057788370815211,-2.7307066312173274,1.2409145269883801,1.0
953,-1.2679177530463621,-0.8065048667261565,0.08422815845167242,-0.9088342062507888,1.0
954,-0.8651287614357939,-0.5763771300532018,0.2979253786097714,1.6723404550678325,0.0
955,-0.6742646967837271,0.9194531583210034,-1.0028137970558828,-1.683591364071174,1.0
956,-1.9175137248104657,-0.001057788370815211,0.3160906151414007,-0.1709815842208651,1.0
957,0.33928930171345556,-0.9215687350626338,0.12862594068044694,1.6013885088384299,0.0
958,0.9895434254246346,-0.8065048667261565,0.056984776381542715,1.2971046589015978,0.0
959,1.3528433002106373,0.11400607996566212,0.6884652913124105,-0.4364561481328902,0.0
960,0.0,-0.9215687350626338,-1.1227000345282325,-1.319784069311018,1.0
961,0.9131977995638081,-1.1516964717355884,0.6202174361357966,0.37639601437442255,0.0
962,0.3485034289725209,-1.7270158134179752,-0.020435151607167162,0.7480604038512572,0.0
963,-0.26621048959654964,0.6893254216480488,1.1014650042227583,1.6023408839556037,1.0
964,0.01811115154032182,-1.381824208408543,0.18975992306399816,1.2880570952884525,0.0
965,-1.9444979546405854,1.6098363683398673,-0.5925603387163874,0.34972951109357325,1.0
966,-1.7911485509718559,1.839964105012822,-0.2534195173981802,-0.07264885337273397,0.0
967,0.21160782398069378,-1.2667603400720657,0.995775203245335,0.20401611816607604,0.0
968,-1.2975345906647866,0.22906994830213945,-1.464873364965393,0.0,1.0
969,-0.11549369371612454,-1.0366326033991111,1.1021433678653958,-0.4928843738254008,1.0
970,-1.6200290447320718,-0.8065048667261565,-0.31605559070471384,-0.6616928633443477,1.0
971,-1.2916112231411014,1.3797086316669127,-1.5342878565164324,-1.1352613903587137,1.0
972,-0.9421325392436968,1.6098363683398673,-2.5648862296838133,-0.4124086764242669,1.0
973,1.0579912279205486,-0.9215687350626338,0.6357832726433869,0.5606805995474338,0.0
974,-1.508143213729136,0.45919768497509406,-0.8037729588515086,-1.277165282817518,1.0
975,-1.6404317550914307,1.3797086316669127,-0.527049047201445,-0.9621672128124873,1.0
976,-0.19447192736525534,1.0345170266574808,-0.6690983939696689,-1.7647813428101882,1.0
977,-0.6466223150065311,-0.5763771300532018,-0.23108868082802747,-1.508830530069895,1.0
978,0.43472133403948915,-0.6914409983896791,1.281354369522746,-0.3200282900584681,0.0
979,0.36166646791404294,-0.5763771300532018,0.14719074085213507,1.7832921562185085,0.0
980,0.16224642794998684,2.4152834466952084,-2.1854752079931856,-0.2700285964068761,1.0
981,0.7756440426249045,1.149580894993958,-0.9776904877326326,0.0,0.0
982,-0.6861114318310968,0.22906994830213945,1.2819052604369314,-0.9281198023735459,1.0
983,1.1843564017591584,-0.4613132617167245,-0.042552788175348695,1.310914098100609,0.0
984,0.11025242413097514,-0.5763771300532018,0.22644374158507027,1.8247204738155414,0.0
985,0.5321278222067501,0.9194531583210034,0.6717484729759945,-1.3007365669675541,1.0
986,0.0,-0.9215687350626338,0.37028143382437817,1.2602001231111373,0.0
987,-0.09377467946261361,0.8043892899845261,-0.8829767595839886,-1.7788288757884925,1.0
988,1.6397975491358137,1.3797086316669127,-0.26080622655740215,0.5868709152696963,0.0
989,0.4057626483681403,-0.5763771300532018,0.014003357802230419,1.8249585675948345,0.0
990,-1.9089577494984764,0.9194531583210034,-1.5793886023880712,-0.3364567608297055,1.0
991,-1.7003235822753549,0.22906994830213945,-1.37929816417399,-0.9305007401664793,1.0
992,0.28795344984152027,0.45919768497509406,0.8344476562988249,-1.3364506338615485,0.0
993,-0.039148067855297584,-1.0366326033991111,0.8349806563037547,1.1399627645680226,0.0
994,-1.388359559361287,-0.9215687350626338,0.6058279269118128,-0.1605054579319601,1.0
995,0.5380511897304352,-0.6914409983896791,1.2213952235136967,0.6863941150142941,1.0
996,-0.8881640795834572,1.0345170266574808,0.9528526755756578,-1.0793093522247892,1.0
997,-0.8664450653299458,1.7249002366763446,-0.9381008873665062,-1.4138311121318696,1.0
998,-0.6084495020761179,-1.9571435500909298,-0.9749956695258926,0.19520664833222398,0.0
999,0.0,-1.1516964717355884,-1.8728949323751576,-0.033363379789339995,1.0
